id,name,alt_name,region,country,latitude,longitude
BC1,Panorama Mountain Resort,,British Columbia,CA,50.4583,-116.237
BC2,Cranberry Junction,,British Columbia,CA,55.5999,-128.5395
BC3,Deep Creek,,British Columbia,CA,50.6094,-119.213
BC4,Donald,,British Columbia,CA,51.4958,-117.174
BC5,Dome Creek,,British Columbia,CA,53.7425,-121.026
BC6,Eagle Bay,,British Columbia,CA,50.9333,-119.217
BC7,Old Massett,G̱aw,British Columbia,CA,54.0418,-132.184
BC8,Progress,,British Columbia,CA,55.7817,-120.716
BC9,Topley Landing,,British Columbia,CA,54.8084,-126.1387
BC10,Kobes,,British Columbia,CA,56.6389,-121.65
BC11,Shelter Bay Ferry Terminal,,British Columbia,CA,50.6358,-117.929
BC12,Sunnyside,,British Columbia,CA,54.6538,-124.732
BC13,McDonalds Landing,,British Columbia,CA,54.0,-126.033
BC14,West Moberly,,British Columbia,CA,55.8272,-121.852
BC15,Summit Lake,,British Columbia,CA,50.1523,-117.661
BC16,Kelly Lake,,British Columbia,CA,51.0124,-121.7658
BC17,Kingfisher,,British Columbia,CA,50.6167,-118.733
BC18,Cooper Creek,,British Columbia,CA,50.2023,-116.963
BC19,Wilson Creek,,British Columbia,CA,49.4409,-123.713
BC20,Mica Creek,,British Columbia,CA,52.0059,-118.562
BC21,Hall,,British Columbia,CA,49.374,-117.243
BC22,Hyde Creek,,British Columbia,CA,50.5805,-127.0
BC23,Bear Creek,,British Columbia,CA,49.529,-121.761
BC24,Pine Valley,,British Columbia,CA,52.1753,-122.09
BC25,Niagara,,British Columbia,CA,49.1071,-118.466
BC26,Birch Island,,British Columbia,CA,51.5971,-119.91
BC27,Hills,,British Columbia,CA,50.1089,-117.493
BC28,Meadows,,British Columbia,CA,49.1859,-117.396
BC29,93 Mile,,British Columbia,CA,51.5748,-121.341
BC30,Pineview,,British Columbia,CA,53.8367,-122.658
BC31,Old Fort,,British Columbia,CA,56.2022,-120.823
BC32,Eagle Creek,,British Columbia,CA,51.8597,-120.866
BC33,Roe Lake,,British Columbia,CA,51.5208,-120.831
BC34,Coal Harbour,,British Columbia,CA,50.6,-127.583
BC35,Apex Mountain Resort,,British Columbia,CA,49.3942,-119.907
BC36,Wiley,,British Columbia,CA,54.515,-126.334
BC37,Gilpin,,British Columbia,CA,49.0063,-118.329
BC38,Cherry Creek,,British Columbia,CA,50.7125,-120.625
BC39,Balmoral,,British Columbia,CA,50.8531,-119.355
BC40,Stillwater,,British Columbia,CA,49.7667,-124.3
BC41,Gateway,,British Columbia,CA,51.6808,-121.211
BC42,Chinook Cove,,British Columbia,CA,51.2333,-120.167
BC43,Oliver's Landing,,British Columbia,CA,49.5833,-123.221
BC44,Shuswap,,British Columbia,CA,50.7896,-119.709
BC45,Rock Bay,,British Columbia,CA,50.3323,-125.486
BC46,Stump Lake,,British Columbia,CA,50.3883,-120.328
BC47,Cultus Lake,,British Columbia,CA,49.0714,-121.966
BC48,Silver Creek,,British Columbia,CA,49.3634,-121.456
BC49,Cheslatta,,British Columbia,CA,53.8167,-125.8
BC50,White Lake,,British Columbia,CA,50.8798,-119.302
BC51,Mud Bay,,British Columbia,CA,49.4667,-124.8
BC52,Lee Creek,,British Columbia,CA,50.9078,-119.534
BC53,Six Mile Point,,British Columbia,CA,50.773,-120.7419
BC54,Lower Kootenay,,British Columbia,CA,49.0663,-116.512
BC55,Westview,,British Columbia,CA,49.8364,-124.525
BC56,Beecher Bay,,British Columbia,CA,48.3367,-123.609
BC57,Malibu,,British Columbia,CA,50.1671,-123.851
BC58,Liard River Suspension Bridge,,British Columbia,CA,59.4127,-126.0959
BC59,Bridge River,,British Columbia,CA,50.7808,-121.975
BC60,Kettle Valley,,British Columbia,CA,49.0536,-118.945
BC61,Davis Bay,,British Columbia,CA,49.4453,-123.726
BC62,Arbutus Ridge,,British Columbia,CA,48.6933,-123.54
BC63,Wet'suwet'en Village,,British Columbia,CA,54.3359,-125.89
BC64,Upper Nicola,,British Columbia,CA,50.137,-120.278
BC65,Dog Creek,,British Columbia,CA,52.0944,-122.114
BC66,Nootka,,British Columbia,CA,49.6248,-126.627
BC67,Kwakiutl,,British Columbia,CA,50.6931,-127.411
BC68,Aberdeen,,British Columbia,CA,49.0503,-122.411
BC69,Fernwood,,British Columbia,CA,48.9089,-123.528
BC70,Adams Lake,,British Columbia,CA,50.7366,-119.321
BC71,Bonaparte,,British Columbia,CA,50.8383,-121.378
BC72,Saik'uz,,British Columbia,CA,53.945,-124.109
BC73,Lighthouse Point,,British Columbia,CA,48.8687,-123.284
BC74,Lemoray,,British Columbia,CA,55.5389,-122.483
BC75,Squamish,,British Columbia,CA,49.3221,-123.13
BC76,Bull River,,British Columbia,CA,49.4701,-115.448
BC77,Cowichan Station,,British Columbia,CA,48.7294,-123.666
BC78,Fort Babine,,British Columbia,CA,55.3223,-126.626
BC79,Prophet River,,British Columbia,CA,58.0943,-122.71
BC80,Cowichan,,British Columbia,CA,48.7688,-123.68
BC81,Scotch Creek,,British Columbia,CA,50.9014,-119.451
BC82,Tsartlip,,British Columbia,CA,48.5856,-123.456
BC83,Nimpkish,,British Columbia,CA,50.3333,-126.917
BC84,Farrell Creek,,British Columbia,CA,56.1228,-121.738
BC85,Jersey,,British Columbia,CA,49.1,-117.233
BC86,Baker Creek,,British Columbia,CA,52.9274,-123.017
BC87,Klahoose,,British Columbia,CA,50.1281,-124.925
BC88,Glenmerry,,British Columbia,CA,49.1,-117.667
BC89,Franklin Camp,,British Columbia,CA,48.9722,-124.742
BC90,Simpcw,,British Columbia,CA,51.2654,-120.151
BC91,Pink Mountain,,British Columbia,CA,57.0357,-122.507
BC92,Xeni Gwet'in,,British Columbia,CA,51.4243,-124.089
BC93,Huscroft,,British Columbia,CA,49.0167,-116.467
BC94,Louis Creek,,British Columbia,CA,51.1401,-120.122
BC95,Commodore Heights,,British Columbia,CA,52.1667,-122.133
BC96,Porcher Island,,British Columbia,CA,54.0867,-130.392
BC97,Slesse Park,,British Columbia,CA,49.0805,-121.821
BC98,Matsqui,,British Columbia,CA,49.006,-122.476
BC99,Osoyoos,,British Columbia,CA,49.1782,-119.527
BC100,Garibaldi,,British Columbia,CA,49.9667,-123.15
BC101,Doig River,,British Columbia,CA,56.5711,-120.494
BC102,Malahat,,British Columbia,CA,48.6128,-123.523
BC103,Coal River,,British Columbia,CA,59.65,-126.933
BC104,Pemberton Meadows,,British Columbia,CA,50.4417,-122.917
BC105,Meachen,,British Columbia,CA,49.6207,-116.267
BC106,Spallumcheen,,British Columbia,CA,50.5314,-119.147
BC107,Tatla Lake,,British Columbia,CA,51.9,-124.6
BC108,Lheidli T'enneh,,British Columbia,CA,54.0101,-122.616
BC109,Qualicum,,British Columbia,CA,49.4,-124.617
BC110,St. Mary's,,British Columbia,CA,49.6203,-115.696
BC111,Uchucklesaht,,British Columbia,CA,49.0274,-125.045
BC112,Blueberry Creek,,British Columbia,CA,49.246,-117.659
BC113,Criss Creek,,British Columbia,CA,51.05,-120.733
BC114,Tl'etinqox,,British Columbia,CA,52.0119,-123.1719
BC115,Kitselas,,British Columbia,CA,54.4872,-128.586
BC116,Toquaht,,British Columbia,CA,48.9959,-125.379
BC117,Burrard,,British Columbia,CA,49.3099,-122.978
BC118,Eagle Heights,,British Columbia,CA,48.7563,-123.703
BC119,Yale,,British Columbia,CA,49.4712,-121.425
BC120,Mount Robson,,British Columbia,CA,53.0309,-119.228
BC121,Seton Lake,,British Columbia,CA,50.7047,-122.281
BC122,Huu-ay-aht,,British Columbia,CA,48.8012,-125.122
BC123,Quatsino,,British Columbia,CA,50.6151,-127.574
BC124,Cahilty,,British Columbia,CA,50.95,-120.017
BC125,Wabi Hill,,British Columbia,CA,55.6707,-121.532
BC126,Buckinghorse River,,British Columbia,CA,57.3901,-122.842
BC127,Blueberry River,,British Columbia,CA,56.7035,-121.114
BC128,Hesquiat,,British Columbia,CA,49.3959,-126.471
BC129,Oregon Jack Creek,,British Columbia,CA,50.6667,-121.267
BC130,Sproat Lake,,British Columbia,CA,49.2766,-124.924
BC131,T'it'q'et,,British Columbia,CA,50.5833,-121.85
BC132,Hupacasath,,British Columbia,CA,49.2657,-124.826
BC133,Fintry,,British Columbia,CA,50.1316,-119.506
BC134,Cape Mudge,,British Columbia,CA,50.0214,-125.293
BC135,Lac la Hache,,British Columbia,CA,51.8145,-121.465
BC136,Kootenay Crossing,,British Columbia,CA,50.8833,-116.05
BC137,Sanca,,British Columbia,CA,49.3917,-116.735
BC138,Gambier Harbour,,British Columbia,CA,49.3728,-123.414
BC139,Tatton,,British Columbia,CA,51.7057,-121.385
BC140,Muncho Lake,,British Columbia,CA,58.9333,-125.767
BC141,Nazko,,British Columbia,CA,52.9435,-123.581
BC142,Deka Lake,,British Columbia,CA,51.6083,-120.85
BC143,Squeah,,British Columbia,CA,49.5042,-121.42
BC144,Telachick,,British Columbia,CA,53.8621,-123.182
BC145,Kitselas,,British Columbia,CA,54.6167,-128.417
BC146,Hardwicke Island,,British Columbia,CA,50.4167,-125.917
BC147,Miocene,,British Columbia,CA,52.2503,-121.771
BC148,Sarita,,British Columbia,CA,48.8833,-125.033
BC149,Chezacut,,British Columbia,CA,52.3993,-124.028
BC150,Quesnel Forks,,British Columbia,CA,52.6564,-121.663
BC151,Port Alice,,British Columbia,CA,50.3833,-127.45
BC152,Tatalrose,,British Columbia,CA,53.9833,-125.983
BC153,Coquitlam,,British Columbia,CA,49.2539,-122.849
BC154,Hanceville,,British Columbia,CA,51.9417,-123.099
BC155,Sullivan Bay,,British Columbia,CA,50.8833,-126.817
BC156,Big Bar Creek,,British Columbia,CA,51.1829,-122.117
BC157,Lumberton,,British Columbia,CA,49.4238,-115.877
BC158,Kwaw-kwaw-Apilt,,British Columbia,CA,49.1641,-121.98
BC159,Mahatta River,,British Columbia,CA,50.4586,-127.798
BC160,Osborn,,British Columbia,CA,56.6042,-120.378
BC161,Englishman River North,,British Columbia,CA,49.3233,-124.281
BC162,Scowlitz,,British Columbia,CA,49.2425,-122.002
BC163,Mount Currie,,British Columbia,CA,50.3249,-122.656
BC164,Galena Bay,,British Columbia,CA,50.6667,-117.85
BC165,Firvale,,British Columbia,CA,52.4385,-126.292
BC166,Thompson Sound,,British Columbia,CA,50.8037,-126.008
BC167,Nimpo Lake,,British Columbia,CA,52.3364,-125.14
BC168,T'Sou-Ke,,British Columbia,CA,48.3861,-123.698
BC169,Rosswood,,British Columbia,CA,54.8,-128.767
BC170,Abbotsford,,British Columbia,CA,49.0477,-122.27
BC171,Federal Ranch,,British Columbia,CA,56.4,-122.383
BC172,Mahood Falls,,British Columbia,CA,51.8426,-120.639
BC173,Powell River,,British Columbia,CA,49.872,-124.546
BC174,Snuneymuxw,,British Columbia,CA,49.1499,-123.929
BC175,Sewell Inlet,,British Columbia,CA,52.8749,-131.987
BC176,Chasm,,British Columbia,CA,51.2167,-121.483
BC177,Hagensborg,,British Columbia,CA,52.3864,-126.557
BC178,Nooaitch,,British Columbia,CA,50.1545,-121.041
BC179,North Saanich,,British Columbia,CA,48.6217,-123.421
BC180,Rhone,,British Columbia,CA,49.219,-119.018
BC181,Mayook,,British Columbia,CA,49.4869,-115.577
BC182,Solsqua,,British Columbia,CA,50.8707,-118.94
BC183,South Surrey,,British Columbia,CA,49.0543,-122.833
BC184,Songhees,,British Columbia,CA,48.4461,-123.422
BC185,Argenta,,British Columbia,CA,50.1667,-116.917
BC186,Tatlayoko Lake,,British Columbia,CA,51.7167,-124.433
BC187,Highlands,,British Columbia,CA,48.5144,-123.516
BC188,Black Pines,,British Columbia,CA,50.9339,-120.258
BC189,Summit Lake,,British Columbia,CA,54.25,-122.633
BC190,Central Saanich,,British Columbia,CA,48.5669,-123.397
BC191,Tipella,,British Columbia,CA,49.7446,-122.154
BC192,Grasmere,,British Columbia,CA,49.1,-115.083
BC193,Saturna,,British Columbia,CA,48.7945,-123.195
BC194,Lister,,British Columbia,CA,49.0474,-116.463
BC195,Kildala Arm,,British Columbia,CA,53.8333,-128.483
BC196,Canim Lake,,British Columbia,CA,51.7726,-120.986
BC197,Phillips Arm,,British Columbia,CA,50.5459,-125.356
BC198,Saanich,,British Columbia,CA,48.4878,-123.388
BC199,Bridge Lake,,British Columbia,CA,51.4786,-120.726
BC200,Halalt,,British Columbia,CA,48.8769,-123.692
BC201,Surge Narrows,,British Columbia,CA,50.2306,-125.109
BC202,Spuzzum,,British Columbia,CA,49.6611,-121.414
BC203,Toad River,,British Columbia,CA,58.85,-125.233
BC204,Punchaw,,British Columbia,CA,53.4306,-123.182
BC205,Little Shuswap Lake,,British Columbia,CA,50.8758,-119.612
BC206,Salmon Valley,,British Columbia,CA,54.0833,-122.7
BC207,Read Island,,British Columbia,CA,50.1812,-125.086
BC208,Loon Lake,,British Columbia,CA,51.0833,-121.3
BC209,Myrtle Point,,British Columbia,CA,49.8012,-124.481
BC210,Barlow Creek,,British Columbia,CA,53.023,-122.445
BC211,Charlie Lake,,British Columbia,CA,56.2974,-120.985
BC212,Reid Lake,,British Columbia,CA,53.9667,-123.1
BC213,Silver Star,,British Columbia,CA,50.3572,-119.059
BC214,Popkum,,British Columbia,CA,49.2002,-121.736
BC215,Port Moody,,British Columbia,CA,49.2786,-122.868
BC216,Mission,,British Columbia,CA,49.1376,-122.304
BC217,Boothroyd,,British Columbia,CA,49.9638,-121.485
BC218,Xaxli'p,,British Columbia,CA,50.7372,-121.862
BC219,Tulsequah,,British Columbia,CA,58.6577,-133.544
BC220,Seabird Island,,British Columbia,CA,49.2542,-121.731
BC221,Ootsa Lake,,British Columbia,CA,53.8068,-126.042
BC222,East Sooke,,British Columbia,CA,48.3645,-123.686
BC223,Saanichton,,British Columbia,CA,48.6,-123.417
BC224,Yreka,,British Columbia,CA,50.4638,-127.558
BC225,Roosville,,British Columbia,CA,49.0236,-115.047
BC226,Pacheedaht,,British Columbia,CA,48.581,-124.405
BC227,Mud River,,British Columbia,CA,53.7612,-123.012
BC228,Big Lake Ranch,,British Columbia,CA,52.4049,-121.876
BC229,Ruby Creek,,British Columbia,CA,49.3468,-121.597
BC230,Cherry Point,,British Columbia,CA,48.7277,-123.584
BC231,Neskonlith,,British Columbia,CA,50.7739,-119.716
BC232,Kimsquit,,British Columbia,CA,52.8296,-126.964
BC233,Whisky Creek,,British Columbia,CA,49.3082,-124.508
BC234,Lindell Beach,,British Columbia,CA,49.0333,-122.017
BC235,Nelway,,British Columbia,CA,49.0147,-117.273
BC236,Tchesinkut Lake,,British Columbia,CA,54.0823,-125.738
BC237,Surrey,,British Columbia,CA,49.1745,-122.828
BC238,Nulki,,British Columbia,CA,53.9185,-124.197
BC239,Brouse,,British Columbia,CA,50.2167,-117.75
BC240,Monte Lake,,British Columbia,CA,50.5254,-119.832
BC241,Miworth,,British Columbia,CA,53.9399,-122.949
BC242,Hornby Island,,British Columbia,CA,49.5227,-124.642
BC243,Soda Creek,,British Columbia,CA,52.3466,-122.292
BC244,Powder King,,British Columbia,CA,55.3505,-122.615
BC245,Clearwater,,British Columbia,CA,51.65,-120.033
BC246,Bouchie Lake,,British Columbia,CA,53.0262,-122.597
BC247,Cayoose Creek,,British Columbia,CA,50.6721,-121.932
BC248,Marilla,,British Columbia,CA,53.7,-125.85
BC249,Pinchi Lake,,British Columbia,CA,54.6272,-124.404
BC250,Stewardson Inlet,,British Columbia,CA,49.4217,-126.316
BC251,East Pine,,British Columbia,CA,55.7167,-121.217
BC252,Sinkut River,,British Columbia,CA,53.9538,-123.857
BC253,Woodcock,,British Columbia,CA,55.0667,-128.233
BC254,Rose Prairie,,British Columbia,CA,56.5087,-120.783
BC255,Qualicum Bay,,British Columbia,CA,49.4045,-124.633
BC256,Notch Hill,,British Columbia,CA,50.8528,-119.435
BC257,Chilliwack,,British Columbia,CA,49.175,-121.942
BC258,Braeloch,,British Columbia,CA,49.7833,-119.517
BC259,Prince George,,British Columbia,CA,53.9116,-122.776
BC260,Ehatisaht,,British Columbia,CA,49.8833,-126.85
BC261,Nukko Lake,,British Columbia,CA,54.0833,-122.983
BC262,Premier Lake,,British Columbia,CA,49.9517,-115.659
BC263,Westwold,,British Columbia,CA,50.4679,-119.747
BC264,Brookswood,,British Columbia,CA,49.0718,-122.666
BC265,Birken,,British Columbia,CA,50.4833,-122.617
BC266,Silver Creek,,British Columbia,CA,50.5961,-119.365
BC267,Sun Peaks,,British Columbia,CA,50.878,-119.908
BC268,Ditidaht,,British Columbia,CA,48.8091,-124.67
BC269,Smithers Landing,,British Columbia,CA,55.054,-126.526
BC270,Rivers Inlet,,British Columbia,CA,51.6842,-127.259
BC271,Grassy Plains,,British Columbia,CA,53.967,-125.888
BC272,Englishman River South,,British Columbia,CA,49.2779,-124.275
BC273,Yaku,,British Columbia,CA,54.1923,-133.003
BC274,Tower Lake,,British Columbia,CA,56.0155,-120.561
BC275,Albert Head,,British Columbia,CA,48.3911,-123.503
BC276,Tlell,,British Columbia,CA,53.5667,-131.933
BC277,North Delta,,British Columbia,CA,49.1547,-122.911
BC278,Boat Basin,,British Columbia,CA,49.4792,-126.425
BC279,Kluskus,,British Columbia,CA,53.0904,-124.493
BC280,Richmond,,British Columbia,CA,49.1539,-123.158
BC281,Tsawwassen,,British Columbia,CA,49.0357,-123.094
BC282,Tahsis,,British Columbia,CA,49.9303,-126.655
BC283,Sunset Prairie,,British Columbia,CA,55.8397,-120.764
BC284,Vancouver,,British Columbia,CA,49.2448,-123.115
BC285,Port Neville,,British Columbia,CA,50.4993,-126.081
BC286,Penelakut,,British Columbia,CA,48.9749,-123.641
BC287,Moberly Lake,,British Columbia,CA,55.8333,-121.758
BC288,Holmwood,,British Columbia,CA,50.6189,-119.954
BC289,Peachland,,British Columbia,CA,49.7786,-119.736
BC290,Westbank,,British Columbia,CA,49.8432,-119.616
BC291,Halfmoon Bay,,British Columbia,CA,49.5146,-123.909
BC292,Garibaldi Highlands,,British Columbia,CA,49.7417,-123.135
BC293,Williams Beach,,British Columbia,CA,49.834,-125.061
BC294,Crowsnest,,British Columbia,CA,49.6368,-114.695
BC295,Fosthall,,British Columbia,CA,50.3488,-117.935
BC296,Nemaiah Valley,,British Columbia,CA,51.4776,-123.887
BC297,Barrett Lake,,British Columbia,CA,54.45,-126.75
BC298,Wistaria,,British Columbia,CA,53.8474,-126.28
BC299,Blue River,,British Columbia,CA,52.1061,-119.306
BC300,Aldergrove,,British Columbia,CA,49.0576,-122.471
BC301,Penticton,,British Columbia,CA,49.4822,-119.585
BC302,Upper Fraser,,British Columbia,CA,54.1082,-121.931
BC303,Foreman,,British Columbia,CA,53.95,-122.683
BC304,Kersley,,British Columbia,CA,52.8358,-122.418
BC305,Upper Halfway,,British Columbia,CA,56.5176,-122.226
BC306,Shackan,,British Columbia,CA,50.284,-121.178
BC307,Health Bay,,British Columbia,CA,50.6939,-126.597
BC308,Denman Island,,British Columbia,CA,49.5358,-124.813
BC309,Port Coquitlam,,British Columbia,CA,49.2567,-122.762
BC310,Elkford,,British Columbia,CA,50.0123,-114.93
BC311,Valleyview,,British Columbia,CA,50.6738,-120.25
BC312,McLure,,British Columbia,CA,51.0539,-120.225
BC313,Riske Creek,,British Columbia,CA,51.9596,-122.518
BC314,Cedar,,British Columbia,CA,49.1043,-123.854
BC315,Rogers Pass,,British Columbia,CA,51.3009,-117.521
BC316,Shawl Bay,,British Columbia,CA,50.8433,-126.56
BC317,Cloverdale,,British Columbia,CA,49.1117,-122.725
BC318,Dugan Lake,,British Columbia,CA,52.1667,-121.925
BC319,Cobble Hill,,British Columbia,CA,48.6915,-123.585
BC320,Shuswap,,British Columbia,CA,50.5268,-116.002
BC321,Saseenos,,British Columbia,CA,48.3908,-123.669
BC322,Pritchard,,British Columbia,CA,50.6851,-119.812
BC323,Oweekeno,,British Columbia,CA,51.6853,-127.207
BC324,Old Fort,,British Columbia,CA,55.0376,-126.318
BC325,Gang Ranch,,British Columbia,CA,51.5538,-122.351
BC326,Williams Lake,,British Columbia,CA,52.1415,-122.143
BC327,View Royal,,British Columbia,CA,48.4583,-123.45
BC328,Hot Springs Cove,,British Columbia,CA,49.352,-126.26
BC329,Shalalth,,British Columbia,CA,50.7294,-122.215
BC330,Winfield,,British Columbia,CA,50.0333,-119.402
BC331,Tatogga,,British Columbia,CA,57.7163,-129.987
BC332,Ucluelet,,British Columbia,CA,48.9399,-125.528
BC333,Fanny Bay,,British Columbia,CA,49.4901,-124.813
BC334,South Wellington,,British Columbia,CA,49.0941,-123.887
BC335,Yahk,,British Columbia,CA,49.085,-116.082
BC336,Musqueam,,British Columbia,CA,49.2298,-123.2
BC337,Oona River,,British Columbia,CA,53.9469,-130.256
BC338,Walnut Grove,,British Columbia,CA,49.1806,-122.648
BC339,Okanagan Mission,,British Columbia,CA,49.8167,-119.483
BC340,Bob Quinn Lake,,British Columbia,CA,56.9722,-130.247
BC341,Fort Rupert,,British Columbia,CA,50.6889,-127.42
BC342,Boswell,,British Columbia,CA,49.4503,-116.764
BC343,Lakelse Lake,,British Columbia,CA,54.3804,-128.546
BC344,Blowhole,,British Columbia,CA,49.8292,-126.676
BC345,Burnaby,,British Columbia,CA,49.2521,-122.962
BC346,Mackenzie,,British Columbia,CA,55.3353,-123.096
BC347,Ogden,,British Columbia,CA,50.7819,-122.822
BC348,Parksville,,British Columbia,CA,49.3227,-124.327
BC349,Port Renfrew,,British Columbia,CA,48.5574,-124.405
BC350,Chetwynd,,British Columbia,CA,55.6949,-121.619
BC351,Wasa,,British Columbia,CA,49.7833,-115.733
BC352,Alice Arm,,British Columbia,CA,55.4728,-129.478
BC353,New Westminster,,British Columbia,CA,49.2167,-122.917
BC354,Blaeberry,,British Columbia,CA,51.4333,-117.067
BC355,Shutty Bench,,British Columbia,CA,49.9629,-116.907
BC356,Pope Landing,,British Columbia,CA,49.6145,-124.048
BC357,Quatsino,,British Columbia,CA,50.5357,-127.652
BC358,Fair Harbour,,British Columbia,CA,50.0565,-127.101
BC359,Butedale,,British Columbia,CA,53.15,-128.7
BC360,Lang Bay,,British Columbia,CA,49.7792,-124.346
BC361,Yarksis,,British Columbia,CA,49.1654,-125.971
BC362,Gray Creek,,British Columbia,CA,49.6333,-116.783
BC363,Vedder Crossing,,British Columbia,CA,49.1062,-121.971
BC364,Vidette,,British Columbia,CA,51.1667,-120.9
BC365,Takysie Lake,,British Columbia,CA,53.8833,-125.867
BC366,Kedleston,,British Columbia,CA,50.3167,-119.183
BC367,Buckley Bay,,British Columbia,CA,49.5333,-124.857
BC368,Isle Pierre,,British Columbia,CA,53.95,-123.25
BC369,Seton Portage,,British Columbia,CA,50.7069,-122.289
BC370,Aleza Lake,,British Columbia,CA,54.1143,-122.034
BC371,Blind Bay,,British Columbia,CA,50.8833,-119.383
BC372,Cherry Creek,,British Columbia,CA,49.2827,-124.787
BC373,Pauquachin,,British Columbia,CA,48.6204,-123.453
BC374,Donald Landing,,British Columbia,CA,54.4833,-125.65
BC375,Headquarters,,British Columbia,CA,49.7646,-125.115
BC376,Belcarra,,British Columbia,CA,49.3182,-122.928
BC377,Ceepeecee,,British Columbia,CA,49.8732,-126.711
BC378,Seymour Arm,,British Columbia,CA,51.2484,-118.94
BC379,Cheam,,British Columbia,CA,49.1942,-121.776
BC380,Sandspit,,British Columbia,CA,53.2479,-131.814
BC381,Kelowna,,British Columbia,CA,49.8833,-119.483
BC382,Valemount,,British Columbia,CA,52.8305,-119.265
BC383,Secret Cove,,British Columbia,CA,49.5363,-123.952
BC384,Winlaw,,British Columbia,CA,49.6144,-117.55
BC385,Fort Ware,,British Columbia,CA,57.4252,-125.633
BC386,Dashwood,,British Columbia,CA,49.3621,-124.506
BC387,Estevan Point,,British Columbia,CA,49.3782,-126.534
BC388,Grand Forks,,British Columbia,CA,49.029,-118.453
BC389,Williamsons Landing,,British Columbia,CA,49.4497,-123.469
BC390,Cinnabar Valley,,British Columbia,CA,49.1033,-123.926
BC391,Bull Harbour,,British Columbia,CA,50.9177,-127.931
BC392,Naramata,,British Columbia,CA,49.5942,-119.587
BC393,Brem River,,British Columbia,CA,50.4392,-124.671
BC394,Granite Bay,,British Columbia,CA,50.2333,-125.3
BC395,Princeton,,British Columbia,CA,49.4524,-120.514
BC396,Yankee Flats,,British Columbia,CA,50.5164,-119.375
BC397,Gravelle Ferry,,British Columbia,CA,52.85,-122.233
BC398,Colwood,,British Columbia,CA,48.4321,-123.497
BC399,Glenrosa,,British Columbia,CA,49.8472,-119.667
BC400,Westside,,British Columbia,CA,49.8822,-119.535
BC401,Alkali Lake,,British Columbia,CA,51.788,-122.227
BC402,Mansons Landing,,British Columbia,CA,50.0581,-124.98
BC403,Moha,,British Columbia,CA,50.8641,-122.17
BC404,Owen Bay,,British Columbia,CA,50.3169,-125.214
BC405,Springhouse,,British Columbia,CA,51.9667,-122.133
BC406,McKearney Ranch,,British Columbia,CA,56.6333,-122.467
BC407,Kanaka Bar,,British Columbia,CA,50.1127,-121.561
BC408,Midway,,British Columbia,CA,49.0071,-118.773
BC409,108 Mile Ranch,,British Columbia,CA,51.7281,-121.351
BC410,Bloedel,,British Columbia,CA,50.1167,-125.383
BC411,Round Lake,,British Columbia,CA,54.6648,-126.923
BC412,Langford,,British Columbia,CA,48.4566,-123.497
BC413,Beaverley,,British Columbia,CA,53.8172,-122.881
BC414,Arras,,British Columbia,CA,55.7535,-120.526
BC415,Sion,,British Columbia,CA,49.0207,-118.484
BC416,Trail,,British Columbia,CA,49.1,-117.7
BC417,Shuswap Falls,,British Columbia,CA,50.294,-118.805
BC418,Cedarside,,British Columbia,CA,52.7823,-119.25
BC419,Port Alberni,,British Columbia,CA,49.2417,-124.8
BC420,Brew Bay,,British Columbia,CA,49.7758,-124.371
BC421,Port Hardy,,British Columbia,CA,50.7189,-127.507
BC422,Goose Bay,,British Columbia,CA,51.38,-127.657
BC423,Mooyah Bay,,British Columbia,CA,49.6295,-126.458
BC424,Iskut,,British Columbia,CA,57.8466,-129.983
BC425,Kootenay Bay,,British Columbia,CA,49.6849,-116.866
BC426,Fireside,,British Columbia,CA,59.6705,-127.136
BC427,Christian Valley,,British Columbia,CA,49.5513,-118.802
BC428,Vermilion Crossing,,British Columbia,CA,51.0333,-115.983
BC429,Deer Park,,British Columbia,CA,49.4167,-118.05
BC430,Chilanko Forks,,British Columbia,CA,52.1199,-124.061
BC431,Heydon Bay,,British Columbia,CA,50.5781,-125.576
BC432,North Vancouver,,British Columbia,CA,49.3142,-123.067
BC433,Crescent Spur,,British Columbia,CA,53.5717,-120.695
BC434,Minstrel Island,,British Columbia,CA,50.6154,-126.308
BC435,Eddontenajon,,British Columbia,CA,57.8221,-129.958
BC436,Pinchi,,British Columbia,CA,54.5706,-124.493
BC437,Attachie,,British Columbia,CA,56.2205,-121.423
BC438,Black Point,,British Columbia,CA,49.774,-124.394
BC439,Salmon Arm,,British Columbia,CA,50.7,-119.267
BC440,Anglemont,,British Columbia,CA,50.9667,-119.167
BC441,Decker Lake,,British Columbia,CA,54.3,-125.833
BC442,New Aiyansh,,British Columbia,CA,55.2003,-129.072
BC443,Atlin,,British Columbia,CA,59.5679,-133.697
BC444,Fort Fraser,,British Columbia,CA,54.06,-124.55
BC445,Nak'azdli,,British Columbia,CA,54.4309,-124.248
BC446,Balfour,,British Columbia,CA,49.6283,-116.972
BC447,Kitseguecla,,British Columbia,CA,55.0857,-127.818
BC448,Sandon,,British Columbia,CA,49.9833,-117.233
BC449,Hope,,British Columbia,CA,49.3802,-121.43
BC450,Ferguson,,British Columbia,CA,50.6833,-117.483
BC451,Holberg,,British Columbia,CA,50.6623,-128.011
BC452,Sechelt,,British Columbia,CA,49.4794,-123.762
BC453,Skidegate,,British Columbia,CA,53.2715,-131.988
BC454,Lake Errock,,British Columbia,CA,49.2291,-122.012
BC455,Namgis,,British Columbia,CA,50.5919,-126.944
BC456,Barriere,,British Columbia,CA,51.1819,-120.133
BC457,Tumbler Ridge,,British Columbia,CA,55.1333,-121.0
BC458,Cranbrook,,British Columbia,CA,49.5155,-115.759
BC459,Hudson's Hope,,British Columbia,CA,56.0319,-121.907
BC460,Horseshoe Bay,,British Columbia,CA,49.3674,-123.273
BC461,Saltair,,British Columbia,CA,48.9571,-123.774
BC462,Shulus,,British Columbia,CA,50.1373,-120.853
BC463,Boring Ranch,,British Columbia,CA,56.95,-122.7
BC464,Gillies Bay,,British Columbia,CA,49.6833,-124.483
BC465,Renata,,British Columbia,CA,49.4268,-118.107
BC466,Colleymount,,British Columbia,CA,54.0333,-126.15
BC467,Dawsons Landing,,British Columbia,CA,51.5805,-127.586
BC468,Hilliers,,British Columbia,CA,49.3068,-124.483
BC469,Clairmont,,British Columbia,CA,56.2559,-120.9
BC470,Summerland,,British Columbia,CA,49.6054,-119.673
BC471,Tintagel,,British Columbia,CA,54.2029,-125.593
BC472,Heriot Bay,,British Columbia,CA,50.1002,-125.213
BC473,Mitchell Bay,,British Columbia,CA,50.6333,-126.85
BC474,Smithers,,British Columbia,CA,54.7825,-127.166
BC475,Genelle,,British Columbia,CA,49.2139,-117.691
BC476,Twidwell Bend,,British Columbia,CA,55.6155,-121.571
BC477,Oak Bay,,British Columbia,CA,48.4301,-123.309
BC478,Middle River,,British Columbia,CA,54.8761,-125.13
BC479,Lone Butte,,British Columbia,CA,51.5579,-121.216
BC480,Yekooche,,British Columbia,CA,54.5992,-125.072
BC481,Prince Rupert,,British Columbia,CA,54.315,-130.315
BC482,Baldy Hughes,,British Columbia,CA,53.6246,-122.933
BC483,Nanoose Bay,,British Columbia,CA,49.2667,-124.2
BC484,Quathiaski Cove,,British Columbia,CA,50.0454,-125.21
BC485,Whistler,,British Columbia,CA,50.1215,-122.962
BC486,Bulkley House,,British Columbia,CA,55.703,-126.228
BC487,Madeira Park,,British Columbia,CA,49.6157,-124.02
BC488,Campbell River,,British Columbia,CA,50.0167,-125.242
BC489,Woss,,British Columbia,CA,50.2167,-126.6
BC490,Invermere,,British Columbia,CA,50.5007,-116.038
BC491,Darfield,,British Columbia,CA,51.3,-120.183
BC492,Deroche,,British Columbia,CA,49.1914,-122.081
BC493,Fort St. John,,British Columbia,CA,56.2461,-120.845
BC494,Cecil Lake,,British Columbia,CA,56.306,-120.577
BC495,Quesnel,,British Columbia,CA,52.9806,-122.504
BC496,Osland,,British Columbia,CA,54.1333,-130.167
BC497,Manson Creek,,British Columbia,CA,55.6667,-124.483
BC498,Pemberton,,British Columbia,CA,50.3167,-122.8
BC499,Penny,,British Columbia,CA,53.8474,-121.284
BC500,Canal Flats,,British Columbia,CA,50.1576,-115.817
BC501,Carmi,,British Columbia,CA,49.5009,-119.122
BC502,Kemano,,British Columbia,CA,53.5573,-127.933
BC503,Erie,,British Columbia,CA,49.1912,-117.337
BC504,Cowichan Bay,,British Columbia,CA,48.7371,-123.62
BC505,Broman Lake,,British Columbia,CA,54.4203,-126.135
BC506,Murrayville,,British Columbia,CA,49.0904,-122.616
BC507,Coldwater,,British Columbia,CA,50.0358,-120.859
BC508,Terrace,,British Columbia,CA,54.5234,-128.598
BC509,Mill Bay,,British Columbia,CA,48.6449,-123.556
BC510,Whaletown,,British Columbia,CA,50.1012,-125.047
BC511,Taylor,,British Columbia,CA,56.1544,-120.68
BC512,Weewanie,,British Columbia,CA,53.6917,-128.79
BC513,Castlegar,,British Columbia,CA,49.3218,-117.66
BC514,Kleena Kleene,,British Columbia,CA,51.9504,-124.847
BC515,Woodsdale,,British Columbia,CA,50.0495,-119.39
BC516,Manning Park,,British Columbia,CA,49.0668,-120.782
BC517,Fern Ridge,,British Columbia,CA,49.0483,-122.656
BC518,Kamloops,,British Columbia,CA,50.6783,-120.348
BC519,Wilson Landing,,British Columbia,CA,49.9821,-119.497
BC520,Caycuse,,British Columbia,CA,48.8943,-124.366
BC521,McLeese Lake,,British Columbia,CA,52.4137,-122.296
BC522,Grantham,,British Columbia,CA,49.7628,-125.021
BC523,Beatton Ranch,,British Columbia,CA,56.7333,-122.583
BC524,Fauquier,,British Columbia,CA,49.8667,-118.067
BC525,Oyster River,,British Columbia,CA,49.8738,-125.129
BC526,Kuskonook,,British Columbia,CA,49.3,-116.65
BC527,Nicholson,,British Columbia,CA,51.2481,-116.901
BC528,Sunningdale,,British Columbia,CA,49.1167,-117.717
BC529,Nelson,,British Columbia,CA,49.4975,-117.282
BC530,Chamiss Bay,,British Columbia,CA,50.0694,-127.287
BC531,Ladner,,British Columbia,CA,49.0917,-123.078
BC532,Tseshaht,,British Columbia,CA,49.268,-124.858
BC533,Metchosin,,British Columbia,CA,48.3756,-123.529
BC534,Saratoga Beach,,British Columbia,CA,49.8595,-125.116
BC535,Boston Bar,,British Columbia,CA,49.8624,-121.443
BC536,Skuppah,,British Columbia,CA,50.1885,-121.578
BC537,Bamfield,,British Columbia,CA,48.8312,-125.133
BC538,Anmore,,British Columbia,CA,49.3115,-122.849
BC539,Snug Cove,,British Columbia,CA,49.3829,-123.336
BC540,Wadhams,,British Columbia,CA,51.5171,-127.519
BC541,Brisco,,British Columbia,CA,50.8333,-116.267
BC542,Buick,,British Columbia,CA,56.7625,-121.27
BC543,Hartley Bay,,British Columbia,CA,53.4203,-129.256
BC544,Ranchero,,British Columbia,CA,50.657,-119.198
BC545,Coldstream,,British Columbia,CA,50.2292,-119.227
BC546,Clo-oose,,British Columbia,CA,48.6629,-124.822
BC547,Loos,,British Columbia,CA,53.6021,-120.719
BC548,Swartz Bay,,British Columbia,CA,48.6827,-123.413
BC549,Cedarvale,,British Columbia,CA,55.0194,-128.329
BC550,Homalco,,British Columbia,CA,49.9526,-125.243
BC551,Brentwood Bay,,British Columbia,CA,48.5683,-123.456
BC552,Tzeachten,,British Columbia,CA,49.115,-121.939
BC553,Victoria,,British Columbia,CA,48.4334,-123.362
BC554,Moresby Camp,,British Columbia,CA,53.0475,-132.029
BC555,Roberts Creek,,British Columbia,CA,49.426,-123.646
BC556,Lantzville,,British Columbia,CA,49.2532,-124.082
BC557,Greenwood,,British Columbia,CA,49.0949,-118.676
BC558,Stewart,,British Columbia,CA,55.9418,-129.984
BC559,Takla Landing,,British Columbia,CA,55.483,-125.974
BC560,70 Mile House,,British Columbia,CA,51.3084,-121.396
BC561,Windermere,,British Columbia,CA,50.4667,-115.983
BC562,Perow,,British Columbia,CA,54.5202,-126.44
BC563,Yuquot,,British Columbia,CA,49.5957,-126.624
BC564,Sinclair Mills,,British Columbia,CA,54.0167,-121.683
BC565,Retallack,,British Columbia,CA,50.0414,-117.14
BC566,Cumberland,,British Columbia,CA,49.622,-125.026
BC567,Dolphin Beach,,British Columbia,CA,49.2884,-124.147
BC568,Creston,,British Columbia,CA,49.1006,-116.507
BC569,Baynes Lake,,British Columbia,CA,49.2333,-115.217
BC570,Lower Post,,British Columbia,CA,59.9249,-128.486
BC571,Skookumchuck,,British Columbia,CA,49.943,-122.408
BC572,Harrison Mills,,British Columbia,CA,49.2559,-121.949
BC573,Langley,,British Columbia,CA,49.1038,-122.659
BC574,Gold Bridge,,British Columbia,CA,50.85,-122.833
BC575,Monte Creek,,British Columbia,CA,50.6487,-119.958
BC576,Marktosis,,British Columbia,CA,49.2786,-126.058
BC577,Masset,,British Columbia,CA,54.0174,-132.147
BC578,Sturdies Bay,,British Columbia,CA,48.8792,-123.319
BC579,Telegraph Creek,,British Columbia,CA,57.9018,-131.166
BC580,Shelter Point,,British Columbia,CA,49.9403,-125.191
BC581,Westmount,,British Columbia,CA,49.3439,-123.209
BC582,McLeod Lake,,British Columbia,CA,54.985,-123.047
BC583,Nass Camp,,British Columbia,CA,55.2884,-129.006
BC584,Alert Bay,,British Columbia,CA,50.5789,-126.92
BC585,Ganges,,British Columbia,CA,48.8599,-123.507
BC586,Hullcar,,British Columbia,CA,50.503,-119.27
BC587,Van Anda,,British Columbia,CA,49.7583,-124.55
BC588,Sumas,,British Columbia,CA,49.0531,-122.193
BC589,McDame,,British Columbia,CA,59.1856,-129.225
BC590,West Popkum,,British Columbia,CA,49.1822,-121.773
BC591,Simpson Ranch,,British Columbia,CA,56.6,-122.433
BC592,Shelley,,British Columbia,CA,54.0,-122.617
BC593,River Jordan,,British Columbia,CA,48.4221,-124.05
BC594,D'Arcy,,British Columbia,CA,50.55,-122.483
BC595,Lax Kw'alaams,,British Columbia,CA,54.55,-130.433
BC596,Fernie,,British Columbia,CA,49.5068,-115.069
BC597,Sayward,,British Columbia,CA,50.377,-125.952
BC598,Harrop,,British Columbia,CA,49.6016,-117.053
BC599,Field,,British Columbia,CA,51.3945,-116.482
BC600,Tuwanek,,British Columbia,CA,49.5442,-123.757
BC601,Blackwater,,British Columbia,CA,53.2875,-123.151
BC602,Lower Nicola,,British Columbia,CA,50.1597,-120.878
BC603,Big Bay,,British Columbia,CA,50.3972,-125.135
BC604,Elk Bay,,British Columbia,CA,50.2856,-125.436
BC605,Lac Le Jeune,,British Columbia,CA,50.4817,-120.493
BC606,Fairmont Hot Springs,,British Columbia,CA,50.3349,-115.856
BC607,Douglas,,British Columbia,CA,49.0028,-122.736
BC608,Zeballos,,British Columbia,CA,49.987,-126.847
BC609,Juskatla,,British Columbia,CA,53.6102,-132.311
BC610,Little River,,British Columbia,CA,49.7377,-124.914
BC611,Port McNeill,,British Columbia,CA,50.586,-127.079
BC612,Fort St. James,,British Columbia,CA,54.4487,-124.256
BC613,McBride,,British Columbia,CA,53.3,-120.167
BC614,Bennett,,British Columbia,CA,59.8451,-134.987
BC615,Mirror Lake,,British Columbia,CA,49.8829,-116.902
BC616,Enderby,,British Columbia,CA,50.5549,-119.141
BC617,Pitt Meadows,,British Columbia,CA,49.2172,-122.686
BC618,Farmington,,British Columbia,CA,55.9,-120.5
BC619,Sliammon,,British Columbia,CA,49.8962,-124.601
BC620,Klemtu,,British Columbia,CA,52.5904,-128.527
BC621,Chemainus,,British Columbia,CA,48.9266,-123.721
BC622,Earls Cove,,British Columbia,CA,49.75,-124.0
BC623,Granisle,,British Columbia,CA,54.8844,-126.213
BC624,Delkatla,,British Columbia,CA,54.0086,-132.129
BC625,Edgewood,,British Columbia,CA,49.7833,-118.15
BC626,Kaslo,,British Columbia,CA,49.9086,-116.911
BC627,Metlakatla,,British Columbia,CA,54.3375,-130.443
BC628,Allison Lake,,British Columbia,CA,49.6889,-120.601
BC629,Port Washington,,British Columbia,CA,48.8166,-123.321
BC630,Black Creek,,British Columbia,CA,49.8369,-125.132
BC631,Usk,,British Columbia,CA,54.6333,-128.417
BC632,Duck Range,,British Columbia,CA,50.6192,-119.83
BC633,Namu,,British Columbia,CA,51.8613,-127.86
BC634,Hasler Flat,,British Columbia,CA,55.6111,-121.967
BC635,Cranberry,,British Columbia,CA,49.8702,-124.523
BC636,Snake River,,British Columbia,CA,59.0364,-122.439
BC637,Cherryville,,British Columbia,CA,50.2407,-118.621
BC638,Remo,,British Columbia,CA,54.5007,-128.719
BC639,Kingcome,,British Columbia,CA,50.9742,-126.175
BC640,Giscome,,British Columbia,CA,54.0667,-122.367
BC641,Two Mile,,British Columbia,CA,55.2687,-127.627
BC642,Hunts Inlet,,British Columbia,CA,54.0668,-130.443
BC643,Robson,,British Columbia,CA,49.3375,-117.691
BC644,Willow River,,British Columbia,CA,54.0787,-122.474
BC645,Blind Channel,,British Columbia,CA,50.4167,-125.5
BC646,Sparwood,,British Columbia,CA,49.7326,-114.892
BC647,Toosey,,British Columbia,CA,51.9323,-122.506
BC648,Paterson,,British Columbia,CA,49.0067,-117.831
BC649,Duncan,,British Columbia,CA,48.7789,-123.702
BC650,Hixon,,British Columbia,CA,53.4204,-122.586
BC651,Wardner,,British Columbia,CA,49.417,-115.429
BC652,Pinantan Lake,,British Columbia,CA,50.7264,-120.036
BC653,Garden Bay,,British Columbia,CA,49.6366,-124.034
BC654,Musgrave Landing,,British Columbia,CA,48.7511,-123.546
BC655,Rumble Beach,,British Columbia,CA,50.4265,-127.482
BC656,Elko,,British Columbia,CA,49.3012,-115.111
BC657,Canyon Hot Springs,,British Columbia,CA,51.1369,-117.852
BC658,Deep Cove,,British Columbia,CA,49.3232,-122.948
BC659,North Bend,,British Columbia,CA,49.8833,-121.45
BC660,Armstrong,,British Columbia,CA,50.4461,-119.199
BC661,Esquimalt,,British Columbia,CA,48.4289,-123.408
BC662,Endako,,British Columbia,CA,54.0875,-125.017
BC663,Radium Hot Springs,,British Columbia,CA,50.623,-116.08
BC664,100 Mile House,,British Columbia,CA,51.6391,-121.294
BC665,Mapes,,British Columbia,CA,53.8833,-123.867
BC666,Pleasantside,,British Columbia,CA,49.2934,-122.847
BC667,Procter,,British Columbia,CA,49.6156,-116.956
BC668,Seaford,,British Columbia,CA,50.0833,-124.9
BC669,Malakwa,,British Columbia,CA,50.94,-118.789
BC670,Alexis Creek,,British Columbia,CA,52.0833,-123.283
BC671,Canyon,,British Columbia,CA,49.0813,-116.443
BC672,Fort Steele,,British Columbia,CA,49.6169,-115.626
BC673,Gwa'Sala- Nakwaxda'xw,,British Columbia,CA,50.7333,-127.5
BC674,Saltery Bay,,British Columbia,CA,49.7833,-124.183
BC675,Dunster,,British Columbia,CA,53.127,-119.839
BC676,Bridesville,,British Columbia,CA,49.0358,-119.142
BC677,40 Mile Flats,,British Columbia,CA,57.9363,-130.05
BC678,Hedley,,British Columbia,CA,49.3604,-120.072
BC679,Ootischenia,,British Columbia,CA,49.2833,-117.633
BC680,Hagwilget,,British Columbia,CA,55.2546,-127.596
BC681,Gibsons,,British Columbia,CA,49.4018,-123.514
BC682,Welcome Beach,,British Columbia,CA,49.48,-123.894
BC683,Soowahlie,,British Columbia,CA,49.0814,-121.963
BC684,Vavenby,,British Columbia,CA,51.5858,-119.726
BC685,Bold Point,,British Columbia,CA,50.1732,-125.156
BC686,Likely,,British Columbia,CA,52.6187,-121.565
BC687,Dundarave,,British Columbia,CA,49.338,-123.181
BC688,Kitkatla,,British Columbia,CA,53.7922,-130.433
BC689,South Hazelton,,British Columbia,CA,55.2375,-127.659
BC690,Fort Langley,,British Columbia,CA,49.1667,-122.583
BC691,Dry Gulch,,British Columbia,CA,50.5842,-116.041
BC692,Departure Bay,,British Columbia,CA,49.2054,-123.975
BC693,Lillooet,,British Columbia,CA,50.6941,-121.939
BC694,Mesachie Lake,,British Columbia,CA,48.8124,-124.125
BC695,Jaffray,,British Columbia,CA,49.3744,-115.3
BC696,Kitsault,,British Columbia,CA,55.4558,-129.471
BC697,Golden,,British Columbia,CA,51.2949,-116.964
BC698,Vanderhoof,,British Columbia,CA,54.0175,-124.002
BC699,Red Bluff,,British Columbia,CA,52.9654,-122.461
BC700,Port Edward,,British Columbia,CA,54.2224,-130.288
BC701,Ocean Falls,,British Columbia,CA,52.3472,-127.689
BC702,Promontory,,British Columbia,CA,49.1006,-121.937
BC703,Yarrow,,British Columbia,CA,49.0833,-122.05
BC704,Sardis,,British Columbia,CA,49.1367,-121.959
BC705,Lardeau,,British Columbia,CA,50.143,-116.956
BC706,Vernon,,British Columbia,CA,50.2642,-119.269
BC707,Campbell Creek,,British Columbia,CA,50.654,-120.085
BC708,Beaton,,British Columbia,CA,50.7333,-117.733
BC709,Logan Lake,,British Columbia,CA,50.4913,-120.813
BC710,Okanagan Falls,,British Columbia,CA,49.3428,-119.571
BC711,Moricetown,,British Columbia,CA,55.0183,-127.331
BC712,Revelstoke,,British Columbia,CA,51.0012,-118.196
BC713,Siska,,British Columbia,CA,50.1386,-121.571
BC714,Kitimat,,British Columbia,CA,54.051,-128.651
BC715,Haig,,British Columbia,CA,49.3967,-121.453
BC716,Whistler Creek,,British Columbia,CA,50.0935,-122.993
BC717,Pavilion,,British Columbia,CA,50.8833,-121.833
BC718,Warfield,,British Columbia,CA,49.0945,-117.749
BC719,Fruitvale,,British Columbia,CA,49.1139,-117.548
BC720,Mara,,British Columbia,CA,50.6853,-119.067
BC721,Taghum,,British Columbia,CA,49.4934,-117.399
BC722,Lawnhill,,British Columbia,CA,53.4036,-131.922
BC723,Gold River,,British Columbia,CA,49.7807,-126.052
BC724,Lax̱g̱altsʼap,,British Columbia,CA,55.0306,-129.575
BC725,Ardmore,,British Columbia,CA,48.6389,-123.467
BC726,Kakawis,,British Columbia,CA,49.189,-125.911
BC727,Hazelton,,British Columbia,CA,55.2546,-127.676
BC728,Cawston,,British Columbia,CA,49.1802,-119.764
BC729,Chase,,British Columbia,CA,50.8221,-119.688
BC730,Bear Flat,,British Columbia,CA,56.274,-121.231
BC731,Echo Bay,,British Columbia,CA,50.7485,-126.494
BC732,Ladysmith,,British Columbia,CA,48.9926,-123.82
BC733,Kitsumkalum,,British Columbia,CA,54.5245,-128.672
BC734,Kitchener,,British Columbia,CA,49.1567,-116.339
BC735,Parson,,British Columbia,CA,51.0708,-116.632
BC736,Sunshine Valley,,British Columbia,CA,49.2727,-121.239
BC737,Skidegate Landing,,British Columbia,CA,53.2472,-132.008
BC738,Southbank,,British Columbia,CA,54.0212,-125.771
BC739,Burns Lake,,British Columbia,CA,54.2314,-125.76
BC740,Dunsmuir,,British Columbia,CA,49.3881,-124.609
BC741,Delbrook,,British Columbia,CA,49.343,-123.085
BC742,Dallas,,British Columbia,CA,50.6667,-120.167
BC743,Lake Cowichan,,British Columbia,CA,48.8261,-124.052
BC744,Houston,,British Columbia,CA,54.397,-126.652
BC745,Savona,,British Columbia,CA,50.7511,-120.841
BC746,Bella Coola,,British Columbia,CA,52.3706,-126.752
BC747,Bowser,,British Columbia,CA,49.4387,-124.685
BC748,Kispiox,,British Columbia,CA,55.3503,-127.691
BC749,Esperanza,,British Columbia,CA,49.8713,-126.738
BC750,Shady Valley,,British Columbia,CA,53.9793,-122.727
BC751,Blackpool,,British Columbia,CA,51.5969,-120.12
BC752,Westbank,,British Columbia,CA,49.8286,-119.631
BC753,Wilmer,,British Columbia,CA,50.5426,-116.063
BC754,Laidlaw,,British Columbia,CA,49.3223,-121.618
BC755,Tseycum,,British Columbia,CA,48.6645,-123.448
BC756,Youbou,,British Columbia,CA,48.8726,-124.199
BC757,Pendleton Bay,,British Columbia,CA,54.5167,-125.717
BC758,Ashton Creek,,British Columbia,CA,50.556,-119.013
BC759,Fraser Lake,,British Columbia,CA,54.0583,-124.847
BC760,Danskin,,British Columbia,CA,53.9889,-125.792
BC761,Willow Valley,,British Columbia,CA,55.8563,-120.872
BC762,Meadow Creek,,British Columbia,CA,50.2392,-116.973
BC763,Seymour Heights,,British Columbia,CA,49.3192,-123.002
BC764,Sikanni Chief,,British Columbia,CA,57.2346,-122.695
BC765,Caesars,,British Columbia,CA,50.0667,-119.5
BC766,Crofton,,British Columbia,CA,48.8632,-123.643
BC767,Good Hope Lake,,British Columbia,CA,59.2936,-129.289
BC768,Whyac,,British Columbia,CA,48.6691,-124.846
BC769,Refuge Cove,,British Columbia,CA,50.1238,-124.836
BC770,Marysville,,British Columbia,CA,49.6373,-115.956
BC771,Tofino,,British Columbia,CA,49.1505,-125.906
BC772,Maple Ridge,,British Columbia,CA,49.2174,-122.598
BC773,Traders Cove,,British Columbia,CA,49.9361,-119.504
BC774,Tsay Keh Dene,,British Columbia,CA,56.8918,-124.963
BC775,Clinton,,British Columbia,CA,51.0942,-121.587
BC776,Port Clements,,British Columbia,CA,53.6852,-132.179
BC777,Osoyoos,,British Columbia,CA,49.0311,-119.465
BC778,Bliss Landing,,British Columbia,CA,50.0366,-124.816
BC779,Kyuquot,,British Columbia,CA,50.0281,-127.377
BC780,Beaverdell,,British Columbia,CA,49.4368,-119.089
BC781,New Denver,,British Columbia,CA,49.9917,-117.374
BC782,150 Mile House,,British Columbia,CA,52.1147,-121.935
BC783,Sicamous,,British Columbia,CA,50.835,-118.98
BC784,Telegraph Cove,,British Columbia,CA,50.5457,-126.828
BC785,Towdystan,,British Columbia,CA,52.2634,-125.087
BC786,Cinema,,British Columbia,CA,53.2333,-122.45
BC787,Nakusp,,British Columbia,CA,50.2418,-117.799
BC788,Kingcome Inlet,,British Columbia,CA,50.95,-126.2
BC789,Sooke,,British Columbia,CA,48.3823,-123.728
BC790,Courtenay,,British Columbia,CA,49.6889,-124.999
BC791,Boston Flats,,British Columbia,CA,50.7699,-121.304
BC792,Jade City,,British Columbia,CA,59.2469,-129.655
BC793,Spillimacheen,,British Columbia,CA,50.9072,-116.364
BC794,Ashcroft,,British Columbia,CA,50.721,-121.28
BC795,Hollyburn,,British Columbia,CA,49.3324,-123.163
BC796,Honeymoon Bay,,British Columbia,CA,48.815,-124.173
BC797,Ocean Grove,,British Columbia,CA,49.9524,-125.202
BC798,Tranquille,,British Columbia,CA,50.72,-120.521
BC799,Huntingdon,,British Columbia,CA,49.0051,-122.266
BC800,Brookmere,,British Columbia,CA,49.8181,-120.875
BC801,Opitsat,,British Columbia,CA,49.1751,-125.912
BC802,Dogwood Valley,,British Columbia,CA,49.4845,-121.425
BC803,Anzac,,British Columbia,CA,54.7667,-122.5
BC804,Salmo,,British Columbia,CA,49.1916,-117.277
BC805,Walhachin,,British Columbia,CA,50.7515,-120.991
BC806,Kimberley,,British Columbia,CA,49.6871,-115.983
BC807,Oyama,,British Columbia,CA,50.1111,-119.368
BC808,Nanaimo,,British Columbia,CA,49.1659,-123.939
BC809,Oliver,,British Columbia,CA,49.1826,-119.553
BC810,Caulfeild,,British Columbia,CA,49.3416,-123.26
BC811,Wycliffe,,British Columbia,CA,49.6013,-115.861
BC812,White Rock,,British Columbia,CA,49.0252,-122.796
BC813,Sorrento,,British Columbia,CA,50.8782,-119.467
BC814,Alpine Meadows,,British Columbia,CA,50.15,-122.967
BC815,Eastgate,,British Columbia,CA,49.1375,-120.612
BC816,Britannia Beach,,British Columbia,CA,49.628,-123.204
BC817,Celista,,British Columbia,CA,50.9444,-119.349
BC818,Ta Ta Creek,,British Columbia,CA,49.7833,-115.783
BC819,Redstone,,British Columbia,CA,52.1333,-123.7
BC820,Spuzzum,,British Columbia,CA,49.6886,-121.417
BC821,Stellako,,British Columbia,CA,54.0622,-124.903
BC822,Glenemma,,British Columbia,CA,50.4694,-119.352
BC823,Lavington,,British Columbia,CA,50.2313,-119.107
BC824,Mayne,,British Columbia,CA,48.8501,-123.297
BC825,Kaleden,,British Columbia,CA,49.3928,-119.596
BC826,Trout Lake,,British Columbia,CA,50.6472,-117.539
BC827,Gitwinksihlkw,,British Columbia,CA,55.1937,-129.219
BC828,Crawford Bay,,British Columbia,CA,49.6766,-116.822
BC829,Coalmont,,British Columbia,CA,49.5089,-120.695
BC830,Semiahmoo,,British Columbia,CA,49.0126,-122.766
BC831,Soda Creek,,British Columbia,CA,52.3275,-122.275
BC832,Rolla,,British Columbia,CA,55.8986,-120.143
BC833,Kingsgate,,British Columbia,CA,49.0024,-116.178
BC834,Ellison,,British Columbia,CA,49.9363,-119.358
BC835,Dorreen,,British Columbia,CA,54.8389,-128.346
BC836,Westbridge,,British Columbia,CA,49.1715,-118.975
BC837,Prespatou,,British Columbia,CA,56.9223,-121.063
BC838,Cokato,,British Columbia,CA,49.4667,-115.067
BC839,Lasqueti,,British Columbia,CA,49.4918,-124.347
BC840,Langdale,,British Columbia,CA,49.4341,-123.477
BC841,Glen Vowell,,British Columbia,CA,55.3135,-127.677
BC842,Christina Lake,,British Columbia,CA,49.0392,-118.216
BC843,Fort Nelson,,British Columbia,CA,58.8056,-122.697
BC844,Rosedale,,British Columbia,CA,49.182,-121.804
BC845,Magna Bay,,British Columbia,CA,50.9618,-119.284
BC846,Howser,,British Columbia,CA,50.3,-116.95
BC847,Ainsworth Hot Springs,,British Columbia,CA,49.7343,-116.913
BC848,Germansen Landing,,British Columbia,CA,55.7833,-124.7
BC849,Rutland,,British Columbia,CA,49.8883,-119.391
BC850,Tappen,,British Columbia,CA,50.784,-119.331
BC851,Sewall,,British Columbia,CA,53.7625,-132.298
BC852,Hosmer,,British Columbia,CA,49.5897,-114.964
BC853,Grindrod,,British Columbia,CA,50.6276,-119.123
BC854,Bonnet Hill,,British Columbia,CA,53.9,-122.617
BC855,Dease Lake,,British Columbia,CA,58.4394,-129.996
BC856,Rayleigh,,British Columbia,CA,50.7974,-120.32
BC857,New Hazelton,,British Columbia,CA,55.2466,-127.586
BC858,Rock Creek,,British Columbia,CA,49.0596,-118.999
BC859,Annis,,British Columbia,CA,50.7907,-119.082
BC860,Rose Harbour,,British Columbia,CA,52.1477,-131.085
BC861,Bella Bella,,British Columbia,CA,52.1639,-128.144
BC862,Buckhorn,,British Columbia,CA,53.7942,-122.655
BC863,Heffley Creek,,British Columbia,CA,50.8583,-120.271
BC864,Shearwater,,British Columbia,CA,52.1466,-128.092
BC865,Forest Grove,,British Columbia,CA,51.7667,-121.1
BC866,Cache Creek,,British Columbia,CA,50.8119,-121.323
BC867,Wildwood,,British Columbia,CA,49.891,-124.557
BC868,Keremeos,,British Columbia,CA,49.2064,-119.826
BC869,Albreda,,British Columbia,CA,52.6375,-119.162
BC870,Yale,,British Columbia,CA,49.5632,-121.43
BC871,Durieu,,British Columbia,CA,49.2175,-122.235
BC872,Lund,,British Columbia,CA,49.9818,-124.757
BC873,Avola,,British Columbia,CA,51.7812,-119.323
BC874,Kitamaat Village,,British Columbia,CA,53.9737,-128.647
BC875,Stoner,,British Columbia,CA,53.6291,-122.662
BC876,Tachie,,British Columbia,CA,54.6548,-124.758
BC877,Qualicum Beach,,British Columbia,CA,49.3475,-124.442
BC878,Lynn Valley,,British Columbia,CA,49.3416,-123.033
BC879,Chehalis,,British Columbia,CA,49.2918,-121.911
BC880,Harrison Hot Springs,,British Columbia,CA,49.3,-121.783
BC881,Dodge Cove,,British Columbia,CA,54.2878,-130.387
BC882,Dawson Creek,,British Columbia,CA,55.7595,-120.235
BC883,Krestova,,British Columbia,CA,49.4447,-117.582
BC884,Silver River,,British Columbia,CA,49.5756,-121.818
BC885,French Creek,,British Columbia,CA,49.3471,-124.36
BC886,Montrose,,British Columbia,CA,49.0788,-117.591
BC887,Slocan,,British Columbia,CA,49.7667,-117.467
BC888,Sidney,,British Columbia,CA,48.65,-123.4
BC889,Raspberry,,British Columbia,CA,49.3358,-117.657
BC890,Rossland,,British Columbia,CA,49.0775,-117.801
BC891,McCulloch,,British Columbia,CA,49.7948,-119.19
BC892,Bell II,,British Columbia,CA,56.7444,-129.794
BC893,Glade,,British Columbia,CA,49.3964,-117.535
BC894,Wonowon,,British Columbia,CA,56.7288,-121.814
BC895,Comox,,British Columbia,CA,49.6739,-124.928
BC896,Burton,,British Columbia,CA,49.9856,-117.88
BC897,Maple Bay,,British Columbia,CA,48.8158,-123.613
BC898,Tsawout,,British Columbia,CA,48.588,-123.387
BC899,Coombs,,British Columbia,CA,49.3044,-124.418
BC900,South Shalalth,,British Columbia,CA,50.7288,-122.244
BC901,Lazo,,British Columbia,CA,49.7139,-124.909
BC902,Bonnington Falls,,British Columbia,CA,49.4667,-117.483
BC903,Bell Acres,,British Columbia,CA,49.078,-121.866
BC904,Zamora,,British Columbia,CA,49.15,-118.983
BC905,Brilliant,,British Columbia,CA,49.3217,-117.643
BC906,Cascade,,British Columbia,CA,49.0187,-118.207
BC907,Donnely Landing,,British Columbia,CA,49.625,-124.043
BC908,Steamboat,,British Columbia,CA,58.6756,-123.712
BC909,Merritt,,British Columbia,CA,50.1114,-120.79
BC910,Gingolx,,British Columbia,CA,54.9944,-129.954
BC911,Canoe,,British Columbia,CA,50.7515,-119.227
BC912,Groundbirch,,British Columbia,CA,55.78,-120.923
BC913,Moyie,,British Columbia,CA,49.2888,-115.832
BC914,Lytton,,British Columbia,CA,50.2316,-121.583
BC915,Royston,,British Columbia,CA,49.6454,-124.945
BC916,Westsyde,,British Columbia,CA,50.7637,-120.348
BC917,Ksan,,British Columbia,CA,55.2497,-127.678
BC918,Tulameen,,British Columbia,CA,49.5458,-120.758
BC919,Deep Bay,,British Columbia,CA,49.4642,-124.725
BC920,Barnhartvale,,British Columbia,CA,50.6505,-120.17
BC921,Fulford Harbour,,British Columbia,CA,48.7706,-123.45
BC922,Ymir,,British Columbia,CA,49.2833,-117.217
BC923,Rosebery,,British Columbia,CA,50.0333,-117.411
BC924,Altona,,British Columbia,CA,56.8775,-120.954
BC925,Meziadin Junction,,British Columbia,CA,56.0997,-129.305
BC926,Nahun,,British Columbia,CA,50.0833,-119.5
BC927,Edgewater,,British Columbia,CA,50.7,-116.133
BC928,Shirley,,British Columbia,CA,48.3898,-123.904
BC929,Sunnybrae,,British Columbia,CA,50.7732,-119.27
BC930,Lumby,,British Columbia,CA,50.25,-118.967
BC931,Merville,,British Columbia,CA,49.7848,-125.057
BC932,Wells,,British Columbia,CA,53.1041,-121.571
BC933,Telkwa,,British Columbia,CA,54.6972,-127.05
BC934,Topley,,British Columbia,CA,54.5068,-126.301
BC935,Anahim Lake,,British Columbia,CA,52.4614,-125.303
BC936,Thornhill,,British Columbia,CA,54.5125,-128.54
BC937,Hatzic Island,,British Columbia,CA,49.1624,-122.236
BC938,Rich Bar,,British Columbia,CA,52.9149,-122.456
BC939,Yaculta,,British Columbia,CA,50.0217,-125.195
BC940,Old Town,,British Columbia,CA,49.55,-115.967
BC941,Shoreacres,,British Columbia,CA,49.4307,-117.527
BC942,Bear Lake,,British Columbia,CA,54.4959,-122.679
BC943,Clayhurst,,British Columbia,CA,56.1868,-120.03
BC944,Fraser,,British Columbia,CA,59.7159,-135.049
BC945,Hydraulic,,British Columbia,CA,52.6148,-121.707
BC946,Union Bay,,British Columbia,CA,49.5802,-124.885
BC947,Weneez,,British Columbia,CA,53.9677,-123.98
BC948,Riondel,,British Columbia,CA,49.7618,-116.856
BC949,Marshall School Junction,,British Columbia,CA,49.7111,-124.509
BC950,Shawnigan Lake,,British Columbia,CA,48.6535,-123.622
BC951,Kilkerran,,British Columbia,CA,55.8395,-120.272
BC952,Seven Mile Corner,,British Columbia,CA,55.8976,-120.324
BC953,Red Rock,,British Columbia,CA,53.6886,-122.671
BC954,Errington,,British Columbia,CA,49.2889,-124.37
BC955,Egmont,,British Columbia,CA,49.75,-123.933
BC956,Kinnaird,,British Columbia,CA,49.2834,-117.651
BC957,Olalla,,British Columbia,CA,49.2634,-119.829
BC958,Little Fort,,British Columbia,CA,51.4249,-120.207
BC959,Lions Bay,,British Columbia,CA,49.4591,-123.236
BC960,Cassidy,,British Columbia,CA,49.05,-123.883
BC961,Kitwanga,,British Columbia,CA,55.1,-128.067
BC962,Silverton,,British Columbia,CA,49.9528,-117.358
BC963,Pleasant Camp,,British Columbia,CA,59.4546,-136.365
BC964,Westholme,,British Columbia,CA,48.8667,-123.7
BC965,Montney,,British Columbia,CA,56.4503,-120.926
BC966,Wynndel,,British Columbia,CA,49.18,-116.552
BC967,Extension,,British Columbia,CA,49.1005,-123.958
BC968,Cottonwood,,British Columbia,CA,53.0522,-122.156
BC969,Spences Bridge,,British Columbia,CA,50.4234,-121.344
BC970,Bessborough,,British Columbia,CA,55.8109,-120.506
BC971,Hemlock Valley,,British Columbia,CA,49.3769,-121.935
BC972,Falkland,,British Columbia,CA,50.5009,-119.557
BC973,Agassiz,,British Columbia,CA,49.2333,-121.767
BC974,Clearbrook,,British Columbia,CA,49.05,-122.333
BC975,Winter Harbour,,British Columbia,CA,50.5167,-128.033
BC976,Sointula,,British Columbia,CA,50.6333,-127.017
BC977,Horsefly,,British Columbia,CA,52.3333,-121.417
BC978,Noralee,,British Columbia,CA,53.9833,-126.433
BC979,Esler,,British Columbia,CA,52.1042,-122.184
BC980,Goodlow,,British Columbia,CA,56.3336,-120.136
BC981,Brackendale,,British Columbia,CA,49.7667,-123.15
BC982,103 Mile,,British Columbia,CA,51.689,-121.314
BC983,105 Mile House,,British Columbia,CA,51.7069,-121.331
BC984,122 Mile House,,British Columbia,CA,51.8483,-121.599
BC985,141 Mile House,,British Columbia,CA,51.994,-121.846
BC986,Ahousat,,British Columbia,CA,49.2842,-126.074
BC987,Akisqnuk,,British Columbia,CA,50.4512,-115.96
BC988,Baker Trails,,British Columbia,CA,49.0854,-121.927
BC989,Bankeir,,British Columbia,CA,49.7107,-120.225
BC990,Barney's Bar,,British Columbia,CA,49.7845,-124.444
BC991,Bear Camp,,British Columbia,CA,59.9167,-136.8
BC992,Big White,,British Columbia,CA,49.7214,-118.94
BC993,Birchdale,,British Columbia,CA,50.0344,-116.874
BC994,Blue Springs,,British Columbia,CA,50.25,-118.85
BC995,Brady Ranch,,British Columbia,CA,56.8333,-122.633
BC996,Carrolls Landing,,British Columbia,CA,50.0333,-117.9
BC997,Cheslatta Carrier,,British Columbia,CA,54.0014,-125.708
BC998,Clemretta,,British Columbia,CA,54.0038,-126.285
BC999,Cook's Ferry,,British Columbia,CA,50.4223,-121.32
BC1000,Deerholme,,British Columbia,CA,48.7528,-123.758
BC1001,Dokie Siding,,British Columbia,CA,55.6625,-121.734
BC1002,Duncanby Landing,,British Columbia,CA,51.4065,-127.644
BC1003,East Wellington,,British Columbia,CA,49.1838,-124.018
BC1004,François Lake,,British Columbia,CA,54.0517,-125.7419
BC1005,Georgetown Mills,,British Columbia,CA,54.4716,-130.398
BC1006,Gitanyow,,British Columbia,CA,55.2676,-128.072
BC1007,Grand Haven,,British Columbia,CA,56.2402,-120.899
BC1008,Harrogate,,British Columbia,CA,50.9833,-116.45
BC1009,Imperial Ranchettes,,British Columbia,CA,51.613,-121.183
BC1010,Johnsons Landing,,British Columbia,CA,50.0833,-116.883
BC1011,Kendrick Camp,,British Columbia,CA,49.7244,-126.651
BC1012,Killiney Beach,,British Columbia,CA,50.1899,-119.506
BC1013,Martin Prairie,,British Columbia,CA,50.6624,-119.812
BC1014,Matilpi,,British Columbia,CA,50.5494,-126.184
BC1015,Mile 62 1/2,,British Columbia,CA,56.4084,-121.157
BC1016,Mount Baldy,,British Columbia,CA,49.1522,-119.237
BC1017,Nadleh Whuten,,British Columbia,CA,54.0885,-124.598
BC1018,Nee-Tahi-Buhn,,British Columbia,CA,54.0074,-125.956
BC1019,New Brighton,,British Columbia,CA,49.45,-123.433
BC1020,Nuchatlaht,,British Columbia,CA,49.9901,-126.94
BC1021,Park Siding,,British Columbia,CA,49.1725,-117.493
BC1022,Peejay,,British Columbia,CA,56.8833,-120.617
BC1023,Queens Cove,,British Columbia,CA,49.8833,-126.983
BC1024,Samahquam,,British Columbia,CA,50.0513,-122.539
BC1025,Saulteau,,British Columbia,CA,55.835,-121.656
BC1026,Selma Park,,British Columbia,CA,49.4585,-123.733
BC1027,Shoreholme,,British Columbia,CA,50.3,-117.85
BC1028,Six Mile,,British Columbia,CA,49.5785,-117.225
BC1029,Skin Tyee,,British Columbia,CA,53.9486,-125.652
BC1030,South Bentinck,,British Columbia,CA,52.0444,-126.667
BC1031,South Lakeside,,British Columbia,CA,52.1083,-122.097
BC1032,South Taylor,,British Columbia,CA,56.1068,-120.634
BC1033,St. Joseph Mission,,British Columbia,CA,52.0667,-121.95
BC1034,Sugarcane,,British Columbia,CA,52.1088,-121.995
BC1035,Tête Jaune Cache,,British Columbia,CA,52.9667,-119.429
BC1036,University Hill,,British Columbia,CA,49.2669,-123.242
BC1037,Village of Queen Charlotte,,British Columbia,CA,53.2565,-132.094
BC1038,Whispering Pines/Clinton,,British Columbia,CA,50.9848,-120.245
