id,name,alt_name,region,country,latitude,longitude
RU1,Алейск,Aleysk,Altai Krai,RU,52.4970,82.7732
RU2,Барнаул,Barnaul,Altai Krai,RU,53.3475,83.7788
RU3,Белокуриха,Belokurikha,Altai Krai,RU,51.9995,84.9861
RU4,Бийск,Biysk,Altai Krai,RU,52.5395,85.2149
RU5,Горняк,Gornyak,Altai Krai,RU,51.0005,81.4639
RU6,Камень-на-Оби,Kamen-na-Obi,Altai Krai,RU,53.7937,81.3516
RU7,Новоалтайск,Novoaltaysk,Altai Krai,RU,53.3933,83.9394
RU8,Рубцовск,Rubtsovsk,Altai Krai,RU,51.5276,81.2176
RU9,Славгород,Slavgorod,Altai Krai,RU,52.9969,78.6485
RU10,Яровое,Yarovoye,Altai Krai,RU,52.9197,78.5636
RU11,Заринск,Zarinsk,Altai Krai,RU,53.7079,84.9349
RU12,Змеиногорск,Zmeinogorsk,Altai Krai,RU,51.1545,82.1980
RU13,Горно-Алтайск,Gorno-Altaysk,Altai Republic,RU,51.9578,85.9637
RU14,Белогорск,Belogorsk,Amur Oblast,RU,50.9213,128.4729
RU15,Благовещенск,Blagoveshchensk,Amur Oblast,RU,50.2600,127.5337
RU16,Райчихинск,Raychikhinsk,Amur Oblast,RU,49.7968,129.4031
RU17,Шимановск,Shimanovsk,Amur Oblast,RU,51.9987,127.6719
RU18,Сковородино,Skovorodino,Amur Oblast,RU,53.9863,123.9373
RU19,Свободный,Svobodny,Amur Oblast,RU,51.3774,128.1348
RU20,Тында,Tynda,Amur Oblast,RU,55.1497,124.7376
RU21,Завитинск,Zavitinsk,Amur Oblast,RU,50.1112,129.4402
RU22,Зея,Zeya,Amur Oblast,RU,53.7404,127.2716
RU23,Архангельск,Arkhangelsk,Arkhangelsk Oblast,RU,64.5430,40.5371
RU24,Каргополь,Kargopol,Arkhangelsk Oblast,RU,61.5091,38.9408
RU25,Коряжма,Koryazhma,Arkhangelsk Oblast,RU,61.3153,47.1607
RU26,Котлас,Kotlas,Arkhangelsk Oblast,RU,61.2522,46.6476
RU27,Мезень,Mezen,Arkhangelsk Oblast,RU,65.8440,44.2441
RU28,Мирный,Mirny,Arkhangelsk Oblast,RU,62.5411,113.9786
RU29,Новодвинск,Novodvinsk,Arkhangelsk Oblast,RU,64.4192,40.7938
RU30,Няндома,Nyandoma,Arkhangelsk Oblast,RU,61.6613,40.1970
RU31,Онега,Onega,Arkhangelsk Oblast,RU,63.9116,38.0948
RU32,Северодвинск,Severodvinsk,Arkhangelsk Oblast,RU,64.5634,39.8238
RU33,Шенкурск,Shenkursk,Arkhangelsk Oblast,RU,62.1059,42.9076
RU34,Сольвычегодск,Solvychegodsk,Arkhangelsk Oblast,RU,61.3313,46.9189
RU35,Вельск,Velsk,Arkhangelsk Oblast,RU,61.0756,42.0980
RU36,Ахтубинск,Akhtubinsk,Astrakhan Oblast,RU,48.2848,46.1644
RU37,Астрахань,Astrakhan,Astrakhan Oblast,RU,46.3498,48.0326
RU38,Камызяк,Kamyzyak,Astrakhan Oblast,RU,46.1205,48.0816
RU39,Харабали,Kharabali,Astrakhan Oblast,RU,47.4084,47.2539
RU40,Нариманов,Narimanov,Astrakhan Oblast,RU,46.6923,47.8512
RU41,Знаменск,Znamensk,Astrakhan Oblast,RU,54.6156,21.2274
RU42,Алексеевка,Alexeyevka,Belgorod Oblast,RU,54.8301,55.9974
RU43,Белгород,Belgorod,Belgorod Oblast,RU,50.5956,36.5873
RU44,Бирюч,Biryuch,Belgorod Oblast,RU,50.6488,38.3964
RU45,Грайворон,Grayvoron,Belgorod Oblast,RU,50.4838,35.6712
RU46,Губкин,Gubkin,Belgorod Oblast,RU,51.2837,37.5347
RU47,Короча,Korocha,Belgorod Oblast,RU,50.8107,37.1953
RU48,Новый Оскол,Novy Oskol,Belgorod Oblast,RU,50.7644,37.8633
RU49,Шебекино,Shebekino,Belgorod Oblast,RU,50.4049,36.8797
RU50,Старый Оскол,Stary Oskol,Belgorod Oblast,RU,51.2980,37.8332
RU51,Строитель,Stroitel,Belgorod Oblast,RU,50.7852,36.4854
RU52,Валуйки,Valuyki,Belgorod Oblast,RU,50.2113,38.1002
RU53,Брянск,Bryansk,Bryansk Oblast,RU,53.2424,34.3668
RU54,Дятьково,Dyatkovo,Bryansk Oblast,RU,53.6004,34.3336
RU55,Фокино,Fokino,Bryansk Oblast,RU,42.9772,132.4049
RU56,Карачев,Karachev,Bryansk Oblast,RU,53.1222,34.9826
RU57,Клинцы,Klintsy,Bryansk Oblast,RU,52.7585,32.2401
RU58,Мглин,Mglin,Bryansk Oblast,RU,53.0592,32.8500
RU59,Новозыбков,Novozybkov,Bryansk Oblast,RU,52.5371,31.9337
RU60,Почеп,Pochep,Bryansk Oblast,RU,52.9288,33.4545
RU61,Сельцо,Seltso,Bryansk Oblast,RU,53.3700,34.1006
RU62,Севск,Sevsk,Bryansk Oblast,RU,52.1560,34.4946
RU63,Стародуб,Starodub,Bryansk Oblast,RU,52.5844,32.7601
RU64,Сураж,Surazh,Bryansk Oblast,RU,53.0132,32.3932
RU65,Трубчевск,Trubchevsk,Bryansk Oblast,RU,52.5835,33.7675
RU66,Унеча,Unecha,Bryansk Oblast,RU,52.8450,32.6700
RU67,Жуковка,Zhukovka,Bryansk Oblast,RU,53.5330,33.7321
RU68,Злынка,Zlynka,Bryansk Oblast,RU,52.4274,31.7371
RU69,Аргун,Argun,Chechen Republic,RU,43.2950,45.8689
RU70,Грозный,Grozny,Chechen Republic,RU,43.3197,45.6934
RU71,Гудермес,Gudermes,Chechen Republic,RU,43.3570,46.1008
RU72,Шали,Shali,Chechen Republic,RU,43.1539,45.9066
RU73,Урус-Мартан,Urus-Martan,Chechen Republic,RU,43.1331,45.5384
RU74,Аша,Asha,Chelyabinsk Oblast,RU,54.9909,57.2781
RU75,Бакал,Bakal,Chelyabinsk Oblast,RU,54.9367,58.8102
RU76,Чебаркуль,Chebarkul,Chelyabinsk Oblast,RU,54.9778,60.3701
RU77,Челябинск,Chelyabinsk,Chelyabinsk Oblast,RU,55.1598,61.4026
RU78,Карабаш,Karabash,Chelyabinsk Oblast,RU,55.4886,60.2029
RU79,Карталы,Kartaly,Chelyabinsk Oblast,RU,53.0533,60.6392
RU80,Касли,Kasli,Chelyabinsk Oblast,RU,55.8904,60.7539
RU81,Катав-Ивановск,Katav-Ivanovsk,Chelyabinsk Oblast,RU,54.7535,58.2058
RU82,Копейск,Kopeysk,Chelyabinsk Oblast,RU,55.1132,61.6216
RU83,Коркино,Korkino,Chelyabinsk Oblast,RU,54.8899,61.4080
RU84,Куса,Kusa,Chelyabinsk Oblast,RU,55.3365,59.4459
RU85,Кыштым,Kyshtym,Chelyabinsk Oblast,RU,55.7099,60.5511
RU86,Магнитогорск,Magnitogorsk,Chelyabinsk Oblast,RU,53.4242,58.9831
RU87,Миасс,Miass,Chelyabinsk Oblast,RU,55.0506,60.1087
RU88,Миньяр,Minyar,Chelyabinsk Oblast,RU,55.0709,57.5485
RU89,Нязепетровск,Nyazepetrovsk,Chelyabinsk Oblast,RU,56.0555,59.5986
RU90,Озёрск,Ozyorsk,Chelyabinsk Oblast,RU,54.4087,22.0144
RU91,Пласт,Plast,Chelyabinsk Oblast,RU,54.3698,60.8071
RU92,Сатка,Satka,Chelyabinsk Oblast,RU,55.0510,58.9723
RU93,Сим,Sim,Chelyabinsk Oblast,RU,54.9873,57.6847
RU94,Снежинск,Snezhinsk,Chelyabinsk Oblast,RU,56.0870,60.7327
RU95,Троицк,Troitsk,Chelyabinsk Oblast,RU,54.0848,61.5514
RU96,Трёхгорный,Tryokhgorny,Chelyabinsk Oblast,RU,54.8151,58.4466
RU97,Усть-Катав,Ust-Katav,Chelyabinsk Oblast,RU,54.9308,58.1748
RU98,Верхнеуральск,Verkhneuralsk,Chelyabinsk Oblast,RU,53.8753,59.2198
RU99,Верхний Уфалей,Verkhny Ufaley,Chelyabinsk Oblast,RU,56.0520,60.2264
RU100,Еманжелинск,Yemanzhelinsk,Chelyabinsk Oblast,RU,54.7591,61.3132
RU101,Юрюзань,Yuryuzan,Chelyabinsk Oblast,RU,54.8701,58.4278
RU102,Южноуральск,Yuzhnouralsk,Chelyabinsk Oblast,RU,54.4425,61.2683
RU103,Златоуст,Zlatoust,Chelyabinsk Oblast,RU,55.1674,59.6793
RU104,Анадырь,Anadyr,Chukotka Autonomous Okrug,RU,64.7317,177.5061
RU105,Билибино,Bilibino,Chukotka Autonomous Okrug,RU,68.0550,166.4449
RU106,Наукан,Naukan,Chukotka Autonomous Okrug,RU,66.0192,-169.7082
RU107,Певек,Pevek,Chukotka Autonomous Okrug,RU,69.7028,170.2747
RU108,Алатырь,Alatyr,Chuvash Republic,RU,54.8458,46.5627
RU109,Чебоксары,Cheboksary,Chuvash Republic,RU,56.1307,47.2450
RU110,Канаш,Kanash,Chuvash Republic,RU,55.5114,47.5068
RU111,Козловка,Kozlovka,Chuvash Republic,RU,55.8415,48.2484
RU112,Мариинский Посад,Mariinsky Posad,Chuvash Republic,RU,56.1178,47.7221
RU113,Новочебоксарск,Novocheboksarsk,Chuvash Republic,RU,56.1140,47.4870
RU114,Шумерля,Shumerlya,Chuvash Republic,RU,55.4985,46.4187
RU115,Цивильск,Tsivilsk,Chuvash Republic,RU,55.8661,47.4737
RU116,Ядрин,Yadrin,Chuvash Republic,RU,55.9408,46.2007
RU117,Буйнакск,Buynaksk,Dagestan,RU,42.8261,47.1220
RU118,Дагестанские Огни,Dagestanskiye Ogni,Dagestan,RU,42.1152,48.1864
RU119,Дербент,Derbent,Dagestan,RU,42.0579,48.2888
RU120,Избербаш,Izberbash,Dagestan,RU,42.5711,47.8630
RU121,Каспийск,Kaspiysk,Dagestan,RU,42.8881,47.6425
RU122,Хасавюрт,Khasavyurt,Dagestan,RU,43.2469,46.5855
RU123,Кизилюрт,Kizilyurt,Dagestan,RU,43.1999,46.8713
RU124,Кизляр,Kizlyar,Dagestan,RU,43.8547,46.7139
RU125,Махачкала,Makhachkala,Dagestan,RU,42.9830,47.5049
RU126,Южно-Сухокумск,Yuzhno-Sukhokumsk,Dagestan,RU,44.6622,45.6451
RU127,Карабулак,Karabulak,Ingushetia,RU,43.3095,44.9103
RU128,Магас,Magas,Ingushetia,RU,43.1666,44.8048
RU129,Малгобек,Malgobek,Ingushetia,RU,43.5127,44.5870
RU130,Назрань,Nazran,Ingushetia,RU,43.2321,44.7540
RU131,Алзамай,Alzamay,Irkutsk Oblast,RU,55.5550,98.6654
RU132,Ангарск,Angarsk,Irkutsk Oblast,RU,52.5443,103.8882
RU133,Байкальск,Baykalsk,Irkutsk Oblast,RU,51.5172,104.1410
RU134,Бирюсинск,Biryusinsk,Irkutsk Oblast,RU,55.9643,97.8245
RU135,Бодайбо,Bodaybo,Irkutsk Oblast,RU,57.8500,114.2040
RU136,Братск,Bratsk,Irkutsk Oblast,RU,56.1517,101.6335
RU137,Черемхово,Cheremkhovo,Irkutsk Oblast,RU,53.1484,103.0701
RU138,Иркутск,Irkutsk,Irkutsk Oblast,RU,52.2891,104.2798
RU139,Киренск,Kirensk,Irkutsk Oblast,RU,57.7764,108.1163
RU140,Нижнеудинск,Nizhneudinsk,Irkutsk Oblast,RU,54.9085,99.0303
RU141,Саянск,Sayansk,Irkutsk Oblast,RU,54.1123,102.1785
RU142,Шелехов,Shelekhov,Irkutsk Oblast,RU,52.2097,104.0977
RU143,Слюдянка,Slyudyanka,Irkutsk Oblast,RU,51.6568,103.7193
RU144,Свирск,Svirsk,Irkutsk Oblast,RU,53.0663,103.3423
RU145,Тайшет,Tayshet,Irkutsk Oblast,RU,55.9385,98.0197
RU146,Тулун,Tulun,Irkutsk Oblast,RU,54.5621,100.5792
RU147,Усолье-Сибирское,Usolye-Sibirskoye,Irkutsk Oblast,RU,52.7512,103.6622
RU148,Усть-Илимск,Ust-Ilimsk,Irkutsk Oblast,RU,57.9595,102.7342
RU149,Усть-Кут,Ust-Kut,Irkutsk Oblast,RU,56.7810,105.7460
RU150,Вихоревка,Vikhorevka,Irkutsk Oblast,RU,56.1247,101.1720
RU151,Железногорск-Илимский,Zheleznogorsk-Ilimsky,Irkutsk Oblast,RU,56.5779,104.1229
RU152,Зима,Zima,Irkutsk Oblast,RU,53.9211,102.0492
RU153,Фурманов,Furmanov,Ivanovo Oblast,RU,57.2488,41.1092
RU154,Гаврилов Посад,Gavrilov Posad,Ivanovo Oblast,RU,56.5586,40.1206
RU155,Иваново,Ivanovo,Ivanovo Oblast,RU,56.9984,40.9737
RU156,Кинешма,Kineshma,Ivanovo Oblast,RU,57.4427,42.1688
RU157,Кохма,Kokhma,Ivanovo Oblast,RU,56.9315,41.0939
RU158,Комсомольск,Komsomolsk,Ivanovo Oblast,RU,57.0273,40.3776
RU159,Наволоки,Navoloki,Ivanovo Oblast,RU,57.4738,41.9622
RU160,Плёс,Plyos,Ivanovo Oblast,RU,57.4592,41.5114
RU161,Приволжск,Privolzhsk,Ivanovo Oblast,RU,57.3803,41.2812
RU162,Пучеж,Puchezh,Ivanovo Oblast,RU,56.9821,43.1681
RU163,Родники,Rodniki,Ivanovo Oblast,RU,57.1052,41.7284
RU164,Шуя,Shuya,Ivanovo Oblast,RU,56.8558,41.3838
RU165,Тейково,Teykovo,Ivanovo Oblast,RU,56.8555,40.5406
RU166,Вичуга,Vichuga,Ivanovo Oblast,RU,57.2201,41.9239
RU167,Юрьевец,Yuryevets,Ivanovo Oblast,RU,57.3179,43.1110
RU168,Южа,Yuzha,Ivanovo Oblast,RU,56.5840,42.0109
RU169,Заволжск,Zavolzhsk,Ivanovo Oblast,RU,57.4910,42.1396
RU170,Биробиджан,Birobidzhan,Jewish Autonomous Oblast,RU,48.7882,132.9282
RU171,Облучье,Obluchye,Jewish Autonomous Oblast,RU,49.0145,131.0538
RU172,Баксан,Baksan,Kabardino-Balkar Republic,RU,43.6821,43.5344
RU173,Чегем,Chegem,Kabardino-Balkar Republic,RU,43.5656,43.5899
RU174,Майский,Maysky,Kabardino-Balkar Republic,RU,43.6282,44.0519
RU175,Нальчик,Nalchik,Kabardino-Balkar Republic,RU,43.4770,43.5967
RU176,Нарткала,Nartkala,Kabardino-Balkar Republic,RU,43.5561,43.8617
RU177,Прохладный,Prokhladny,Kabardino-Balkar Republic,RU,43.7590,44.0104
RU178,Терек,Terek,Kabardino-Balkar Republic,RU,43.5713,45.4683
RU179,Тырныауз,Tyrnyauz,Kabardino-Balkar Republic,RU,43.3959,42.9231
RU180,Багратионовск,Bagrationovsk,Kaliningrad Oblast,RU,54.3868,20.6405
RU181,Балтийск,Baltiysk,Kaliningrad Oblast,RU,54.6437,19.8942
RU182,Черняховск,Chernyakhovsk,Kaliningrad Oblast,RU,54.6355,21.8100
RU183,Гурьевск,Guryevsk,Kaliningrad Oblast,RU,54.7746,20.6037
RU184,Гусев,Gusev,Kaliningrad Oblast,RU,54.5922,22.2015
RU185,Гвардейск,Gvardeysk,Kaliningrad Oblast,RU,54.6478,21.0719
RU186,Калининград,Kaliningrad,Kaliningrad Oblast,RU,54.7101,20.5106
RU187,Краснознаменск,Krasnoznamensk,Kaliningrad Oblast,RU,55.5972,37.0395
RU188,Ладушкин,Ladushkin,Kaliningrad Oblast,RU,54.5713,20.1734
RU189,Мамоново,Mamonovo,Kaliningrad Oblast,RU,54.4636,19.9414
RU190,Неман,Neman,Kaliningrad Oblast,RU,55.0360,22.0294
RU191,Нестеров,Nesterov,Kaliningrad Oblast,RU,54.6325,22.5711
RU192,Озёрск,Ozyorsk,Kaliningrad Oblast,RU,54.4087,22.0144
RU193,Пионерский,Pionersky,Kaliningrad Oblast,RU,54.9482,20.2259
RU194,Полесск,Polessk,Kaliningrad Oblast,RU,54.8628,21.1099
RU195,Правдинск,Pravdinsk,Kaliningrad Oblast,RU,54.4471,21.0140
RU196,Славск,Slavsk,Kaliningrad Oblast,RU,55.0455,21.6791
RU197,Советск,Sovetsk,Kaliningrad Oblast,RU,55.0810,21.8883
RU198,Светлогорск,Svetlogorsk,Kaliningrad Oblast,RU,54.9418,20.1551
RU199,Светлый,Svetly,Kaliningrad Oblast,RU,54.6734,20.1312
RU200,Зеленоградск,Zelenogradsk,Kaliningrad Oblast,RU,54.9600,20.4750
RU201,Элиста,Elista,Kalmykia,RU,46.3070,44.2702
RU202,Городовиковск,Gorodovikovsk,Kalmykia,RU,46.0829,41.9343
RU203,Лагань,Lagan,Kalmykia,RU,45.3921,47.3613
RU204,Балабаново,Balabanovo,Kaluga Oblast,RU,55.1784,36.6576
RU205,Белоусово,Belousovo,Kaluga Oblast,RU,55.0897,36.6613
RU206,Боровск,Borovsk,Kaluga Oblast,RU,55.2073,36.4827
RU207,Калуга,Kaluga,Kaluga Oblast,RU,54.5101,36.2598
RU208,Киров,Kirov,Kaluga Oblast,RU,58.6036,49.6666
RU209,Кондрово,Kondrovo,Kaluga Oblast,RU,54.8069,35.9301
RU210,Козельск,Kozelsk,Kaluga Oblast,RU,54.0371,35.7801
RU211,Кремёнки,Kremyonki,Kaluga Oblast,RU,54.8865,37.1172
RU212,Людиново,Lyudinovo,Kaluga Oblast,RU,53.8646,34.4479
RU213,Малоярославец,Maloyaroslavets,Kaluga Oblast,RU,55.0122,36.4590
RU214,Медынь,Medyn,Kaluga Oblast,RU,54.9690,35.8570
RU215,Мещовск,Meshchovsk,Kaluga Oblast,RU,54.3207,35.2796
RU216,Мосальск,Mosalsk,Kaluga Oblast,RU,54.4873,34.9790
RU217,Обнинск,Obninsk,Kaluga Oblast,RU,55.0952,36.6119
RU218,Сосенский,Sosensky,Kaluga Oblast,RU,54.0516,35.9590
RU219,Спас-Деменск,Spas-Demensk,Kaluga Oblast,RU,54.4126,34.0310
RU220,Сухиничи,Sukhinichi,Kaluga Oblast,RU,54.1013,35.3394
RU221,Таруса,Tarusa,Kaluga Oblast,RU,54.7294,37.1816
RU222,Ермолино,Yermolino,Kaluga Oblast,RU,55.2055,36.5715
RU223,Юхнов,Yukhnov,Kaluga Oblast,RU,54.7416,35.2264
RU224,Жиздра,Zhizdra,Kaluga Oblast,RU,53.7485,34.7354
RU225,Жуков,Zhukov,Kaluga Oblast,RU,55.0338,36.7489
RU226,Петропавловск-Камчатский,Petropavlovsk-Kamchatsky,Kamchatka Krai,RU,53.0200,158.6471
RU227,Вилючинск,Vilyuchinsk,Kamchatka Krai,RU,52.9318,158.4054
RU228,Елизово,Yelizovo,Kamchatka Krai,RU,53.1865,158.3837
RU229,Черкесск,Cherkessk,Karachay-Cherkessia,RU,44.2285,42.0483
RU230,Карачаевск,Karachayevsk,Karachay-Cherkessia,RU,43.7716,41.9120
RU231,Теберда,Teberda,Karachay-Cherkessia,RU,43.4411,41.7437
RU232,Усть-Джегута,Ust-Dzheguta,Karachay-Cherkessia,RU,44.0859,41.9723
RU233,Беломорск,Belomorsk,Karelia,RU,64.5217,34.7626
RU234,Кемь,Kem,Karelia,RU,64.9551,34.5697
RU235,Кондопога,Kondopoga,Karelia,RU,62.2093,34.2682
RU236,Костомукша,Kostomuksha,Karelia,RU,64.5873,30.5969
RU237,Лахденпохья,Lakhdenpokhya,Karelia,RU,61.5179,30.2039
RU238,Медвежьегорск,Medvezhyegorsk,Karelia,RU,62.9150,34.4733
RU239,Олонец,Olonets,Karelia,RU,60.9793,32.9749
RU240,Петрозаводск,Petrozavodsk,Karelia,RU,61.7900,34.3900
RU241,Питкяранта,Pitkyaranta,Karelia,RU,61.5718,31.4744
RU242,Пудож,Pudozh,Karelia,RU,61.8084,36.5360
RU243,Сегежа,Segezha,Karelia,RU,63.7435,34.3107
RU244,Сортавала,Sortavala,Karelia,RU,61.7027,30.6912
RU245,Суоярви,Suoyarvi,Karelia,RU,62.0820,32.3459
RU246,Анжеро-Судженск,Anzhero-Sudzhensk,Kemerovo Oblast,RU,56.0778,86.0194
RU247,Белово,Belovo,Kemerovo Oblast,RU,54.4193,86.3034
RU248,Березовский,Berezovsky,Kemerovo Oblast,RU,55.6697,86.2752
RU249,Гурьевск,Guryevsk,Kemerovo Oblast,RU,54.7746,20.6037
RU250,Калтан,Kaltan,Kemerovo Oblast,RU,53.5195,87.2862
RU251,Кемерово,Kemerovo,Kemerovo Oblast,RU,55.3551,86.0871
RU252,Киселёвск,Kiselyovsk,Kemerovo Oblast,RU,54.0050,86.6355
RU253,Ленинск-Кузнецкий,Leninsk-Kuznetsky,Kemerovo Oblast,RU,54.6654,86.1661
RU254,Мариинск,Mariinsk,Kemerovo Oblast,RU,56.2063,87.7513
RU255,Междуреченск,Mezhdurechensk,Kemerovo Oblast,RU,53.6864,88.0703
RU256,Мыски,Myski,Kemerovo Oblast,RU,53.7139,87.8003
RU257,Новокузнецк,Novokuznetsk,Kemerovo Oblast,RU,53.7576,87.1358
RU258,Осинники,Osinniki,Kemerovo Oblast,RU,53.6070,87.3329
RU259,Полысаево,Polysayevo,Kemerovo Oblast,RU,54.6031,86.2760
RU260,Прокопьевск,Prokopyevsk,Kemerovo Oblast,RU,53.8879,86.7492
RU261,Салаир,Salair,Kemerovo Oblast,RU,54.2325,85.7984
RU262,Таштагол,Tashtagol,Kemerovo Oblast,RU,52.7595,87.8484
RU263,Тайга,Tayga,Kemerovo Oblast,RU,56.0651,85.6313
RU264,Топки,Topki,Kemerovo Oblast,RU,55.2752,85.6229
RU265,Юрга,Yurga,Kemerovo Oblast,RU,55.7136,84.9348
RU266,Амурск,Amursk,Khabarovsk Krai,RU,50.2266,136.9101
RU267,Бикин,Bikin,Khabarovsk Krai,RU,46.8188,134.2581
RU268,Хабаровск,Khabarovsk,Khabarovsk Krai,RU,48.4813,135.0763
RU269,Комсомольск-на-Амуре,Komsomolsk-on-Amur,Khabarovsk Krai,RU,50.5497,137.0099
RU270,Николаевск-на-Амуре,Nikolayevsk-on-Amur,Khabarovsk Krai,RU,53.1387,140.7249
RU271,Советская Гавань,Sovetskaya Gavan,Khabarovsk Krai,RU,48.9663,140.2850
RU272,Вяземский,Vyazemsky,Khabarovsk Krai,RU,47.5335,134.7579
RU273,Белоярский,Beloyarsky,Khanty-Mansi Autonomous Okrug,RU,63.7156,66.6668
RU274,Ханты-Мансийск,Khanty-Mansiysk,Khanty-Mansi Autonomous Okrug,RU,61.0034,69.0190
RU275,Когалым,Kogalym,Khanty-Mansi Autonomous Okrug,RU,62.2680,74.4889
RU276,Лангепас,Langepas,Khanty-Mansi Autonomous Okrug,RU,61.2473,75.1893
RU277,Лянтор,Lyantor,Khanty-Mansi Autonomous Okrug,RU,61.6225,72.1651
RU278,Мегион,Megion,Khanty-Mansi Autonomous Okrug,RU,61.0354,76.1082
RU279,Нефтеюганск,Nefteyugansk,Khanty-Mansi Autonomous Okrug,RU,61.0903,72.6101
RU280,Нижневартовск,Nizhnevartovsk,Khanty-Mansi Autonomous Okrug,RU,60.9339,76.5814
RU281,Нягань,Nyagan,Khanty-Mansi Autonomous Okrug,RU,62.1446,65.4349
RU282,Покачи,Pokachi,Khanty-Mansi Autonomous Okrug,RU,61.7441,75.5968
RU283,Пыть-Ях,Pyt-Yakh,Khanty-Mansi Autonomous Okrug,RU,60.7551,72.8400
RU284,Радужный,Raduzhny,Khanty-Mansi Autonomous Okrug,RU,62.1353,77.4626
RU285,Советский,Sovetsky,Khanty-Mansi Autonomous Okrug,RU,61.3621,63.5735
RU286,Сургут,Surgut,Khanty-Mansi Autonomous Okrug,RU,61.2540,73.3964
RU287,Урай,Uray,Khanty-Mansi Autonomous Okrug,RU,60.1291,64.8036
RU288,Югорск,Yugorsk,Khanty-Mansi Autonomous Okrug,RU,61.3150,63.3316
RU289,Белая Холуница,Belaya Kholunitsa,Kirov Oblast,RU,58.8433,50.8529
RU290,Киров,Kirov,Kirov Oblast,RU,58.6036,49.6666
RU291,Кирово-Чепецк,Kirovo-Chepetsk,Kirov Oblast,RU,58.5551,50.0313
RU292,Кирс,Kirs,Kirov Oblast,RU,59.3399,52.2418
RU293,Котельнич,Kotelnich,Kirov Oblast,RU,58.3054,48.3373
RU294,Луза,Luza,Kirov Oblast,RU,60.6306,47.2549
RU295,Малмыж,Malmyzh,Kirov Oblast,RU,56.5206,50.6776
RU296,Мураши,Murashi,Kirov Oblast,RU,59.3951,48.9644
RU297,Нолинск,Nolinsk,Kirov Oblast,RU,57.5599,49.9385
RU298,Омутнинск,Omutninsk,Kirov Oblast,RU,58.6683,52.1763
RU299,Орлов,Orlov,Kirov Oblast,RU,58.5363,48.8851
RU300,Слободской,Slobodskoy,Kirov Oblast,RU,58.7278,50.1771
RU301,Сосновка,Sosnovka,Kirov Oblast,RU,56.2574,51.2843
RU302,Советск,Sovetsk,Kirov Oblast,RU,55.0810,21.8883
RU303,Уржум,Urzhum,Kirov Oblast,RU,57.1101,50.0003
RU304,Вятские Поляны,Vyatskiye Polyany,Kirov Oblast,RU,56.2230,51.0749
RU305,Яранск,Yaransk,Kirov Oblast,RU,57.3043,47.8856
RU306,Зуевка,Zuyevka,Kirov Oblast,RU,58.4060,51.1389
RU307,Инта,Inta,Komi Republic,RU,66.0401,60.1314
RU308,Микунь,Mikun,Komi Republic,RU,62.3582,50.0822
RU309,Печора,Pechora,Komi Republic,RU,65.7110,54.8180
RU310,Сосногорск,Sosnogorsk,Komi Republic,RU,63.5856,53.9001
RU311,Сыктывкар,Syktyvkar,Komi Republic,RU,61.6685,50.8352
RU312,Ухта,Ukhta,Komi Republic,RU,63.5624,53.6842
RU313,Усинск,Usinsk,Komi Republic,RU,65.9944,57.5571
RU314,Воркута,Vorkuta,Komi Republic,RU,67.5036,64.0627
RU315,Вуктыл,Vuktyl,Komi Republic,RU,63.8443,57.3002
RU316,Емва,Yemva,Komi Republic,RU,62.5983,50.8881
RU317,Буй,Buy,Kostroma Oblast,RU,58.4817,41.5330
RU318,Чухлома,Chukhloma,Kostroma Oblast,RU,58.7560,42.6807
RU319,Галич,Galich,Kostroma Oblast,RU,58.3814,42.3479
RU320,Кологрив,Kologriv,Kostroma Oblast,RU,58.8255,44.3113
RU321,Кострома,Kostroma,Kostroma Oblast,RU,57.7679,40.9269
RU322,Макарьев,Makaryev,Kostroma Oblast,RU,57.8804,43.8072
RU323,Мантурово,Manturovo,Kostroma Oblast,RU,58.3333,44.7618
RU324,Нерехта,Nerekhta,Kostroma Oblast,RU,57.4607,40.5738
RU325,Нея,Neya,Kostroma Oblast,RU,58.2941,43.8609
RU326,Шарья,Sharya,Kostroma Oblast,RU,58.3726,45.5193
RU327,Солигалич,Soligalich,Kostroma Oblast,RU,59.0778,42.2862
RU328,Волгореченск,Volgorechensk,Kostroma Oblast,RU,57.4401,41.1572
RU329,Абинск,Abinsk,Krasnodar Krai,RU,44.8650,38.1578
RU330,Анапа,Anapa,Krasnodar Krai,RU,44.8943,37.3169
RU331,Апшеронск,Apsheronsk,Krasnodar Krai,RU,44.4618,39.7410
RU332,Армавир,Armavir,Krasnodar Krai,RU,44.9994,41.1294
RU333,Белореченск,Belorechensk,Krasnodar Krai,RU,44.7614,39.8713
RU334,Геленджик,Gelendzhik,Krasnodar Krai,RU,44.5609,38.0767
RU335,Горячий Ключ,Goryachy Klyuch,Krasnodar Krai,RU,44.6343,39.1364
RU336,Гулькевичи,Gulkevichi,Krasnodar Krai,RU,45.3565,40.6962
RU337,Хадыженск,Khadyzhensk,Krasnodar Krai,RU,44.4231,39.5369
RU338,Кореновск,Korenovsk,Krasnodar Krai,RU,45.4636,39.4488
RU339,Краснодар,Krasnodar,Krasnodar Krai,RU,45.0352,38.9772
RU340,Кропоткин,Kropotkin,Krasnodar Krai,RU,45.4344,40.5750
RU341,Крымск,Krymsk,Krasnodar Krai,RU,44.9296,37.9880
RU342,Курганинск,Kurganinsk,Krasnodar Krai,RU,44.8852,40.5895
RU343,Лабинск,Labinsk,Krasnodar Krai,RU,44.6348,40.7242
RU344,Новокубанск,Novokubansk,Krasnodar Krai,RU,45.1083,41.0367
RU345,Новороссийск,Novorossiysk,Krasnodar Krai,RU,44.7240,37.7691
RU346,Приморско-Ахтарск,Primorsko-Akhtarsk,Krasnodar Krai,RU,46.0432,38.1555
RU347,Славянск-на-Кубани,Slavyansk-na-Kubani,Krasnodar Krai,RU,45.2492,38.1093
RU348,Сочи,Sochi,Krasnodar Krai,RU,43.5855,39.7231
RU349,Темрюк,Temryuk,Krasnodar Krai,RU,45.2752,37.3905
RU350,Тихорецк,Tikhoretsk,Krasnodar Krai,RU,45.8547,40.1281
RU351,Тимашёвск,Timashyovsk,Krasnodar Krai,RU,45.6130,38.9358
RU352,Туапсе,Tuapse,Krasnodar Krai,RU,44.0985,39.0719
RU353,Усть-Лабинск,Ust-Labinsk,Krasnodar Krai,RU,45.2178,39.6897
RU354,Ейск,Yeysk,Krasnodar Krai,RU,46.7112,38.2748
RU355,Ачинск,Achinsk,Krasnoyarsk Krai,RU,56.2695,90.4954
RU356,Артёмовск,Artyomovsk,Krasnoyarsk Krai,RU,54.3496,93.4378
RU357,Боготол,Bogotol,Krasnoyarsk Krai,RU,56.2115,89.5316
RU358,Бородино,Borodino,Krasnoyarsk Krai,RU,55.9000,94.8937
RU359,Дивногорск,Divnogorsk,Krasnoyarsk Krai,RU,55.9596,92.3754
RU360,Дудинка,Dudinka,Krasnoyarsk Krai,RU,69.4061,86.1751
RU361,Игарка,Igarka,Krasnoyarsk Krai,RU,67.4566,86.5308
RU362,Иланский,Ilansky,Krasnoyarsk Krai,RU,56.2381,96.0669
RU363,Канск,Kansk,Krasnoyarsk Krai,RU,56.2060,95.7068
RU364,Кодинск,Kodinsk,Krasnoyarsk Krai,RU,58.6027,99.1888
RU365,Красноярск,Krasnoyarsk,Krasnoyarsk Krai,RU,56.0091,92.8726
RU366,Лесосибирск,Lesosibirsk,Krasnoyarsk Krai,RU,58.2165,92.5078
RU367,Минусинск,Minusinsk,Krasnoyarsk Krai,RU,53.7004,91.6848
RU368,Назарово,Nazarovo,Krasnoyarsk Krai,RU,56.0116,90.4185
RU369,Норильск,Norilsk,Krasnoyarsk Krai,RU,69.3444,88.2096
RU370,Шарыпово,Sharypovo,Krasnoyarsk Krai,RU,55.5329,89.1864
RU371,Сосновоборск,Sosnovoborsk,Krasnoyarsk Krai,RU,56.1215,93.3387
RU372,Уяр,Uyar,Krasnoyarsk Krai,RU,55.8100,94.3278
RU373,Ужур,Uzhur,Krasnoyarsk Krai,RU,55.3197,89.8424
RU374,Енисейск,Yeniseysk,Krasnoyarsk Krai,RU,58.4532,92.1748
RU375,Заозёрный,Zaozyorny,Krasnoyarsk Krai,RU,55.9654,94.7081
RU376,Зеленогорск,Zelenogorsk,Krasnoyarsk Krai,RU,56.1136,94.5893
RU377,Железногорск,Zheleznogorsk,Krasnoyarsk Krai,RU,56.2509,93.5329
RU378,Далматово,Dalmatovo,Kurgan Oblast,RU,56.2587,62.9392
RU379,Катайск,Kataysk,Kurgan Oblast,RU,56.2835,62.5837
RU380,Курган,Kurgan,Kurgan Oblast,RU,55.4409,65.3421
RU381,Куртамыш,Kurtamysh,Kurgan Oblast,RU,54.9096,64.4284
RU382,Макушино,Makushino,Kurgan Oblast,RU,55.2083,67.2527
RU383,Петухово,Petukhovo,Kurgan Oblast,RU,55.0650,67.8874
RU384,Шадринск,Shadrinsk,Kurgan Oblast,RU,56.0874,63.6295
RU385,Щучье,Shchuchye,Kurgan Oblast,RU,55.2089,62.7478
RU386,Шумиха,Shumikha,Kurgan Oblast,RU,55.2282,63.2825
RU387,Дмитриев,Dmitriyev,Kursk Oblast,RU,52.1285,35.0754
RU388,Фатеж,Fatezh,Kursk Oblast,RU,52.0893,35.8595
RU389,Курчатов,Kurchatov,Kursk Oblast,RU,51.6595,35.6589
RU390,Курск,Kursk,Kursk Oblast,RU,51.7270,36.1922
RU391,Льгов,Lgov,Kursk Oblast,RU,51.6907,35.2840
RU392,Обоянь,Oboyan,Kursk Oblast,RU,51.2111,36.2762
RU393,Рыльск,Rylsk,Kursk Oblast,RU,51.5705,34.6835
RU394,Щигры,Shchigry,Kursk Oblast,RU,51.8708,36.9132
RU395,Суджа,Sudzha,Kursk Oblast,RU,51.1906,35.2709
RU396,Железногорск,Zheleznogorsk,Kursk Oblast,RU,56.2509,93.5329
RU397,Бокситогорск,Boksitogorsk,Leningrad Oblast,RU,59.4729,33.8490
RU398,Гатчина,Gatchina,Leningrad Oblast,RU,59.5706,30.1305
RU399,Ивангород,Ivangorod,Leningrad Oblast,RU,59.3744,28.2193
RU400,Каменногорск,Kamennogorsk,Leningrad Oblast,RU,60.9526,29.1303
RU401,Кингисепп,Kingisepp,Leningrad Oblast,RU,59.3744,28.5982
RU402,Кириши,Kirishi,Leningrad Oblast,RU,59.4503,32.0106
RU403,Кировск,Kirovsk,Leningrad Oblast,RU,59.8814,30.9855
RU404,Коммунар,Kommunar,Leningrad Oblast,RU,59.6222,30.3919
RU405,Лодейное Поле,Lodeynoye Pole,Leningrad Oblast,RU,60.7339,33.5458
RU406,Луга,Luga,Leningrad Oblast,RU,58.7357,29.8475
RU407,Любань,Lyuban,Leningrad Oblast,RU,59.3500,31.2500
RU408,Мурино,Murino,Leningrad Oblast,RU,60.0462,30.4459
RU409,Никольское,Nikolskoye,Leningrad Oblast,RU,59.7035,30.7861
RU410,Новая Ладога,Novaya Ladoga,Leningrad Oblast,RU,60.1052,32.3148
RU411,Отрадное,Otradnoye,Leningrad Oblast,RU,55.8646,37.6045
RU412,Пикалёво,Pikalyovo,Leningrad Oblast,RU,59.5130,34.1774
RU413,Подпорожье,Podporozhye,Leningrad Oblast,RU,60.9143,34.1624
RU414,Приморск,Primorsk,Leningrad Oblast,RU,60.3667,28.6167
RU415,Приозерск,Priozersk,Leningrad Oblast,RU,61.0385,30.1248
RU416,Сертолово,Sertolovo,Leningrad Oblast,RU,60.1437,30.2078
RU417,Шлиссельбург,Shlisselburg,Leningrad Oblast,RU,59.9404,31.0337
RU418,Сланцы,Slantsy,Leningrad Oblast,RU,59.1173,28.0870
RU419,Сосновый Бор,Sosnovy Bor,Leningrad Oblast,RU,59.8969,29.0766
RU420,Светогорск,Svetogorsk,Leningrad Oblast,RU,61.1113,28.8701
RU421,Сясьстрой,Syasstroy,Leningrad Oblast,RU,60.1397,32.5638
RU422,Тихвин,Tikhvin,Leningrad Oblast,RU,59.6443,33.5419
RU423,Тосно,Tosno,Leningrad Oblast,RU,59.5413,30.8774
RU424,Волхов,Volkhov,Leningrad Oblast,RU,59.9276,32.3277
RU425,Волосово,Volosovo,Leningrad Oblast,RU,59.4444,29.4925
RU426,Всеволожск,Vsevolozhsk,Leningrad Oblast,RU,60.0240,30.6460
RU427,Выборг,Vyborg,Leningrad Oblast,RU,60.7092,28.7441
RU428,Высоцк,Vysotsk,Leningrad Oblast,RU,60.6280,28.5688
RU429,Чаплыгин,Chaplygin,Lipetsk Oblast,RU,53.2430,39.9668
RU430,Данков,Dankov,Lipetsk Oblast,RU,53.2533,39.1592
RU431,Грязи,Gryazi,Lipetsk Oblast,RU,52.4961,39.9552
RU432,Лебедянь,Lebedyan,Lipetsk Oblast,RU,53.0126,39.1276
RU433,Липецк,Lipetsk,Lipetsk Oblast,RU,52.6042,39.5937
RU434,Усмань,Usman,Lipetsk Oblast,RU,52.0507,39.7400
RU435,Елец,Yelets,Lipetsk Oblast,RU,52.6220,38.5003
RU436,Задонск,Zadonsk,Lipetsk Oblast,RU,52.3878,38.9267
RU437,Магадан,Magadan,Magadan Oblast,RU,59.5605,150.7989
RU438,Сусуман,Susuman,Magadan Oblast,RU,62.7797,148.1536
RU439,Козьмодемьянск,Kozmodemyansk,Mari El,RU,56.3324,46.5463
RU440,Волжск,Volzhsk,Mari El,RU,55.8637,48.3619
RU441,Йошкар-Ола,Yoshkar-Ola,Mari El,RU,56.6327,47.8976
RU442,Звенигово,Zvenigovo,Mari El,RU,55.9718,48.0161
RU443,Московский,Moskovsky,Moscow,RU,55.6026,37.3479
RU444,Москва,Moscow,Moscow,RU,55.6256,37.6064
RU445,Троицк,Troitsk,Moscow,RU,54.0848,61.5514
RU446,Зеленоград,Zelenograd,Moscow,RU,55.9964,37.1985
RU447,Апрелевка,Aprelevka,Moscow Oblast,RU,55.5454,37.0730
RU448,Балашиха,Balashikha,Moscow Oblast,RU,55.7998,37.9374
RU449,Бронницы,Bronnitsy,Moscow Oblast,RU,55.4220,38.2591
RU450,Чехов,Chekhov,Moscow Oblast,RU,55.1427,37.4545
RU451,Черноголовка,Chernogolovka,Moscow Oblast,RU,56.0061,38.3835
RU452,Дедовск,Dedovsk,Moscow Oblast,RU,55.8598,37.1206
RU453,Дмитров,Dmitrov,Moscow Oblast,RU,56.3451,37.5201
RU454,Долгопрудный,Dolgoprudny,Moscow Oblast,RU,55.9341,37.5142
RU455,Домодедово,Domodedovo,Moscow Oblast,RU,55.4091,37.9042
RU456,Дрезна,Drezna,Moscow Oblast,RU,55.7448,38.8491
RU457,Дубна,Dubna,Moscow Oblast,RU,56.7363,37.1624
RU458,Дзержинский,Dzerzhinsky,Moscow Oblast,RU,55.6309,37.8497
RU459,Электрогорск,Elektrogorsk,Moscow Oblast,RU,55.8793,38.7859
RU460,Электросталь,Elektrostal,Moscow Oblast,RU,55.7904,38.4406
RU461,Электроугли,Elektrougli,Moscow Oblast,RU,55.7184,38.2228
RU462,Фрязино,Fryazino,Moscow Oblast,RU,55.9546,38.0568
RU463,Голицыно,Golitsyno,Moscow Oblast,RU,55.6150,36.9888
RU464,Истра,Istra,Moscow Oblast,RU,55.9146,36.8595
RU465,Ивантеевка,Ivanteyevka,Moscow Oblast,RU,55.9714,37.9201
RU466,Кашира,Kashira,Moscow Oblast,RU,54.8374,38.1505
RU467,Химки,Khimki,Moscow Oblast,RU,55.8917,37.4397
RU468,Хотьково,Khotkovo,Moscow Oblast,RU,56.2517,37.9780
RU469,Климовск,Klimovsk,Moscow Oblast,RU,61.2857,53.6475
RU470,Клин,Klin,Moscow Oblast,RU,56.3356,36.7351
RU471,Коломна,Kolomna,Moscow Oblast,RU,55.0939,38.7670
RU472,Королёв,Korolyov,Moscow Oblast,RU,55.9190,37.8150
RU473,Котельники,Kotelniki,Moscow Oblast,RU,55.6617,37.8673
RU474,Красноармейск,Krasnoarmeysk,Moscow Oblast,RU,56.1211,38.1458
RU475,Красногорск,Krasnogorsk,Moscow Oblast,RU,55.8218,37.3401
RU476,Краснозаводск,Krasnozavodsk,Moscow Oblast,RU,56.4405,38.2443
RU477,Краснознаменск,Krasnoznamensk,Moscow Oblast,RU,55.5972,37.0395
RU478,Кубинка,Kubinka,Moscow Oblast,RU,55.5755,36.6953
RU479,Куровское,Kurovskoye,Moscow Oblast,RU,55.5771,38.9226
RU480,Ликино-Дулёво,Likino-Dulyovo,Moscow Oblast,RU,55.7043,38.9569
RU481,Лобня,Lobnya,Moscow Oblast,RU,56.0104,37.4671
RU482,Лосино-Петровский,Losino-Petrovsky,Moscow Oblast,RU,55.8706,38.2033
RU483,Луховицы,Lukhovitsy,Moscow Oblast,RU,54.9656,39.0277
RU484,Лыткарино,Lytkarino,Moscow Oblast,RU,55.5822,37.9080
RU485,Люберцы,Lyubertsy,Moscow Oblast,RU,55.6783,37.8938
RU486,Можайск,Mozhaysk,Moscow Oblast,RU,55.5065,36.0213
RU487,Мытищи,Mytishchi,Moscow Oblast,RU,55.9095,37.7339
RU488,Наро-Фоминск,Naro-Fominsk,Moscow Oblast,RU,55.3843,36.7235
RU489,Ногинск,Noginsk,Moscow Oblast,RU,55.8554,38.4412
RU490,Одинцово,Odintsovo,Moscow Oblast,RU,55.6782,37.2668
RU491,Орехово-Зуево,Orekhovo-Zuyevo,Moscow Oblast,RU,55.8083,38.9790
RU492,Ожерелье,Ozherelye,Moscow Oblast,RU,54.8029,38.2738
RU493,Озёры,Ozyory,Moscow Oblast,RU,54.8542,38.5599
RU494,Павловский Посад,Pavlovsky Posad,Moscow Oblast,RU,55.7813,38.6508
RU495,Пересвет,Peresvet,Moscow Oblast,RU,56.4158,38.1736
RU496,Подольск,Podolsk,Moscow Oblast,RU,55.4309,37.5453
RU497,Протвино,Protvino,Moscow Oblast,RU,54.8708,37.2189
RU498,Пущино,Pushchino,Moscow Oblast,RU,54.8347,37.6140
RU499,Пушкино,Pushkino,Moscow Oblast,RU,56.0104,37.8462
RU500,Раменское,Ramenskoye,Moscow Oblast,RU,55.5709,38.2282
RU501,Реутов,Reutov,Moscow Oblast,RU,55.7622,37.8566
RU502,Рошаль,Roshal,Moscow Oblast,RU,55.6583,39.8717
RU503,Руза,Ruza,Moscow Oblast,RU,55.6999,36.1947
RU504,Сергиев Посад,Sergiyev Posad,Moscow Oblast,RU,56.3153,38.1360
RU505,Серпухов,Serpukhov,Moscow Oblast,RU,54.9155,37.4196
RU506,Шатура,Shatura,Moscow Oblast,RU,55.5784,39.5438
RU507,Щербинка,Shcherbinka,Moscow Oblast,RU,55.5101,37.5622
RU508,Щёлково,Shchyolkovo,Moscow Oblast,RU,55.9206,37.9916
RU509,Солнечногорск,Solnechnogorsk,Moscow Oblast,RU,56.1854,36.9782
RU510,Старая Купавна,Staraya Kupavna,Moscow Oblast,RU,55.8070,38.1774
RU511,Ступино,Stupino,Moscow Oblast,RU,54.8866,38.0773
RU512,Талдом,Taldom,Moscow Oblast,RU,56.7309,37.5280
RU513,Верея,Vereya,Moscow Oblast,RU,55.3432,36.1851
RU514,Видное,Vidnoye,Moscow Oblast,RU,55.5571,37.7087
RU515,Волоколамск,Volokolamsk,Moscow Oblast,RU,56.0360,35.9583
RU516,Воскресенск,Voskresensk,Moscow Oblast,RU,55.3225,38.6817
RU517,Высоковск,Vysokovsk,Moscow Oblast,RU,56.3205,36.5522
RU518,Яхрома,Yakhroma,Moscow Oblast,RU,56.2899,37.4838
RU519,Егорьевск,Yegoryevsk,Moscow Oblast,RU,55.3830,39.0356
RU520,Юбилейный,Yubileyny,Moscow Oblast,RU,55.9368,37.8436
RU521,Зарайск,Zaraysk,Moscow Oblast,RU,54.7586,38.8818
RU522,Железнодорожный,Zheleznodorozhny,Moscow Oblast,RU,55.7465,38.0091
RU523,Жуковский,Zhukovsky,Moscow Oblast,RU,55.5973,38.1200
RU524,Звенигород,Zvenigorod,Moscow Oblast,RU,55.7294,36.8585
RU525,Апатиты,Apatity,Murmansk Oblast,RU,67.5686,33.4044
RU526,Гаджиево,Gadzhiyevo,Murmansk Oblast,RU,69.2504,33.3153
RU527,Кандалакша,Kandalaksha,Murmansk Oblast,RU,67.1508,32.4083
RU528,Кировск,Kirovsk,Murmansk Oblast,RU,59.8814,30.9855
RU529,Кола,Kola,Murmansk Oblast,RU,68.8806,33.0197
RU530,Ковдор,Kovdor,Murmansk Oblast,RU,67.5630,30.4741
RU531,Мончегорск,Monchegorsk,Murmansk Oblast,RU,67.9399,32.9317
RU532,Мурманск,Murmansk,Murmansk Oblast,RU,68.9707,33.0750
RU533,Оленегорск,Olenegorsk,Murmansk Oblast,RU,68.1407,33.2826
RU534,Островной,Ostrovnoy,Murmansk Oblast,RU,68.0544,39.5129
RU535,Полярный,Polyarny,Murmansk Oblast,RU,69.1995,33.4458
RU536,Полярные Зори,Polyarnye Zori,Murmansk Oblast,RU,67.3659,32.5010
RU537,Североморск,Severomorsk,Murmansk Oblast,RU,69.0692,33.4167
RU538,Снежногорск,Snezhnogorsk,Murmansk Oblast,RU,69.1919,33.2324
RU539,Заозёрск,Zaozyorsk,Murmansk Oblast,RU,69.4009,32.4413
RU540,Заполярный,Zapolyarny,Murmansk Oblast,RU,69.4262,30.8199
RU541,Нарьян-Мар,Naryan-Mar,Nenets Autonomous Okrug,RU,67.6380,53.0071
RU542,Арзамас,Arzamas,Nizhny Novgorod Oblast,RU,55.3988,43.8211
RU543,Балахна,Balakhna,Nizhny Novgorod Oblast,RU,56.4871,43.6040
RU544,Богородск,Bogorodsk,Nizhny Novgorod Oblast,RU,55.8554,38.4412
RU545,Бор,Bor,Nizhny Novgorod Oblast,RU,56.3598,44.0543
RU546,Чкаловск,Chkalovsk,Nizhny Novgorod Oblast,RU,56.7649,43.2433
RU547,Дзержинск,Dzerzhinsk,Nizhny Novgorod Oblast,RU,56.2382,43.4617
RU548,Горбатов,Gorbatov,Nizhny Novgorod Oblast,RU,56.1328,43.0583
RU549,Городец,Gorodets,Nizhny Novgorod Oblast,RU,56.6471,43.4760
RU550,Княгинино,Knyaginino,Nizhny Novgorod Oblast,RU,55.8213,45.0316
RU551,Кстово,Kstovo,Nizhny Novgorod Oblast,RU,56.1496,44.1980
RU552,Кулебаки,Kulebaki,Nizhny Novgorod Oblast,RU,55.4293,42.5119
RU553,Лукоянов,Lukoyanov,Nizhny Novgorod Oblast,RU,55.0348,44.4927
RU554,Лысково,Lyskovo,Nizhny Novgorod Oblast,RU,56.0279,45.0383
RU555,Навашино,Navashino,Nizhny Novgorod Oblast,RU,55.5441,42.1887
RU556,Нижний Новгород,Nizhny Novgorod,Nizhny Novgorod Oblast,RU,56.3265,44.0051
RU557,Павлово,Pavlovo,Nizhny Novgorod Oblast,RU,55.9651,43.0711
RU558,Перевоз,Perevoz,Nizhny Novgorod Oblast,RU,55.5965,44.5448
RU559,Первомайск,Pervomaysk,Nizhny Novgorod Oblast,RU,54.8666,43.8054
RU560,Саров,Sarov,Nizhny Novgorod Oblast,RU,54.9392,43.3269
RU561,Семёнов,Semyonov,Nizhny Novgorod Oblast,RU,56.7883,44.4916
RU562,Сергач,Sergach,Nizhny Novgorod Oblast,RU,55.5328,45.4617
RU563,Шахунья,Shakhunya,Nizhny Novgorod Oblast,RU,57.6696,46.6281
RU564,Урень,Uren,Nizhny Novgorod Oblast,RU,57.4615,45.7879
RU565,Ветлуга,Vetluga,Nizhny Novgorod Oblast,RU,57.8529,45.7757
RU566,Володарск,Volodarsk,Nizhny Novgorod Oblast,RU,56.2243,43.1827
RU567,Ворсма,Vorsma,Nizhny Novgorod Oblast,RU,55.9881,43.2755
RU568,Выкса,Vyksa,Nizhny Novgorod Oblast,RU,55.3188,42.1800
RU569,Заволжье,Zavolzhye,Nizhny Novgorod Oblast,RU,56.6400,43.3994
RU570,Боровичи,Borovichi,Novgorod Oblast,RU,58.3890,33.9068
RU571,Чудово,Chudovo,Novgorod Oblast,RU,59.1195,31.6666
RU572,Холм,Kholm,Novgorod Oblast,RU,57.1541,31.1709
RU573,Малая Вишера,Malaya Vishera,Novgorod Oblast,RU,58.8442,32.2186
RU574,Окуловка,Okulovka,Novgorod Oblast,RU,58.3741,33.3009
RU575,Пестово,Pestovo,Novgorod Oblast,RU,58.5992,35.8231
RU576,Сольцы,Soltsy,Novgorod Oblast,RU,58.1190,30.3097
RU577,Старая Русса,Staraya Russa,Novgorod Oblast,RU,57.9899,31.3635
RU578,Валдай,Valday,Novgorod Oblast,RU,57.9791,33.2538
RU579,Великий Новгород,Veliky Novgorod,Novgorod Oblast,RU,58.5210,31.2758
RU580,Барабинск,Barabinsk,Novosibirsk Oblast,RU,55.3568,78.3503
RU581,Бердск,Berdsk,Novosibirsk Oblast,RU,54.7580,83.1068
RU582,Болотное,Bolotnoye,Novosibirsk Oblast,RU,55.6716,84.3886
RU583,Черепаново,Cherepanovo,Novosibirsk Oblast,RU,54.2261,83.3705
RU584,Чулым,Chulym,Novosibirsk Oblast,RU,55.0900,80.9705
RU585,Искитим,Iskitim,Novosibirsk Oblast,RU,54.6426,83.3036
RU586,Карасук,Karasuk,Novosibirsk Oblast,RU,53.7345,78.0324
RU587,Каргат,Kargat,Novosibirsk Oblast,RU,55.1930,80.2828
RU588,Купино,Kupino,Novosibirsk Oblast,RU,54.3649,77.3085
RU589,Куйбышев,Kuybyshev,Novosibirsk Oblast,RU,55.4454,78.3222
RU590,Новосибирск,Novosibirsk,Novosibirsk Oblast,RU,55.0288,82.9227
RU591,Обь,Ob,Novosibirsk Oblast,RU,55.5786,83.5967
RU592,Татарск,Tatarsk,Novosibirsk Oblast,RU,55.2170,75.9622
RU593,Тогучин,Toguchin,Novosibirsk Oblast,RU,55.2377,84.4025
RU594,Исилькуль,Isilkul,Omsk Oblast,RU,54.9049,71.2600
RU595,Калачинск,Kalachinsk,Omsk Oblast,RU,55.0491,74.5824
RU596,Называевск,Nazyvayevsk,Omsk Oblast,RU,55.5649,71.3494
RU597,Омск,Omsk,Omsk Oblast,RU,54.9914,73.3715
RU598,Тара,Tara,Omsk Oblast,RU,56.9026,74.3699
RU599,Тюкалинск,Tyukalinsk,Omsk Oblast,RU,55.8706,72.1966
RU600,Абдулино,Abdulino,Orenburg Oblast,RU,53.6828,53.6557
RU601,Бугуруслан,Buguruslan,Orenburg Oblast,RU,53.6528,52.4340
RU602,Бузулук,Buzuluk,Orenburg Oblast,RU,52.7587,52.2883
RU603,Гай,Gay,Orenburg Oblast,RU,51.4714,58.4405
RU604,Кувандык,Kuvandyk,Orenburg Oblast,RU,51.4788,57.3508
RU605,Медногорск,Mednogorsk,Orenburg Oblast,RU,51.4049,57.5803
RU606,Новотроицк,Novotroitsk,Orenburg Oblast,RU,51.1964,58.2985
RU607,Оренбург,Orenburg,Orenburg Oblast,RU,51.7671,55.0979
RU608,Орск,Orsk,Orenburg Oblast,RU,51.2305,58.4738
RU609,Соль-Илецк,Sol-Iletsk,Orenburg Oblast,RU,51.1613,54.9964
RU610,Сорочинск,Sorochinsk,Orenburg Oblast,RU,52.4270,53.1542
RU611,Ясный,Yasny,Orenburg Oblast,RU,51.0370,59.8733
RU612,Болхов,Bolkhov,Oryol Oblast,RU,53.4490,36.0022
RU613,Дмитровск,Dmitrovsk,Oryol Oblast,RU,52.5094,35.1457
RU614,Ливны,Livny,Oryol Oblast,RU,52.4254,37.6089
RU615,Малоархангельск,Maloarkhangelsk,Oryol Oblast,RU,52.3996,36.5040
RU616,Мценск,Mtsensk,Oryol Oblast,RU,53.2790,36.5761
RU617,Новосиль,Novosil,Oryol Oblast,RU,52.9729,37.0419
RU618,Орёл,Oryol,Oryol Oblast,RU,52.9680,36.0995
RU619,Белинский,Belinsky,Penza Oblast,RU,52.9669,43.4131
RU620,Городище,Gorodishche,Penza Oblast,RU,48.8101,44.4761
RU621,Каменка,Kamenka,Penza Oblast,RU,53.1850,44.0529
RU622,Кузнецк,Kuznetsk,Penza Oblast,RU,53.1125,46.6007
RU623,Никольск,Nikolsk,Penza Oblast,RU,53.7146,46.0852
RU624,Нижний Ломов,Nizhny Lomov,Penza Oblast,RU,53.5300,43.6736
RU625,Пенза,Penza,Penza Oblast,RU,53.1938,45.0067
RU626,Сердобск,Serdobsk,Penza Oblast,RU,52.4559,44.2029
RU627,Спасск,Spassk,Penza Oblast,RU,44.5980,132.8157
RU628,Сурск,Sursk,Penza Oblast,RU,53.0729,45.6861
RU629,Заречный,Zarechny,Penza Oblast,RU,56.8150,61.3206
RU630,Александровск,Alexandrovsk,Perm Krai,RU,59.1594,57.5861
RU631,Березники,Berezniki,Perm Krai,RU,59.4084,56.8037
RU632,Чайковский,Chaykovsky,Perm Krai,RU,56.7787,54.1501
RU633,Чердынь,Cherdyn,Perm Krai,RU,60.4046,56.4753
RU634,Чернушка,Chernushka,Perm Krai,RU,56.5153,56.0765
RU635,Чусовой,Chusovoy,Perm Krai,RU,58.2821,57.8211
RU636,Чёрмоз,Chyormoz,Perm Krai,RU,58.7850,56.1534
RU637,Добрянка,Dobryanka,Perm Krai,RU,58.4619,56.4203
RU638,Горнозаводск,Gornozavodsk,Perm Krai,RU,58.3740,58.3251
RU639,Гремячинск,Gremyachinsk,Perm Krai,RU,58.5670,57.8504
RU640,Губаха,Gubakha,Perm Krai,RU,58.8424,57.5551
RU641,Кизел,Kizel,Perm Krai,RU,59.0493,57.6535
RU642,Краснокамск,Krasnokamsk,Perm Krai,RU,58.0833,55.7700
RU643,Красновишерск,Krasnovishersk,Perm Krai,RU,60.4055,57.0820
RU644,Кудымкар,Kudymkar,Perm Krai,RU,59.0146,54.6641
RU645,Кунгур,Kungur,Perm Krai,RU,57.4288,56.9443
RU646,Лысьва,Lysva,Perm Krai,RU,58.0996,57.7965
RU647,Нытва,Nytva,Perm Krai,RU,57.9434,55.3316
RU648,Очёр,Ochyor,Perm Krai,RU,57.8836,54.7158
RU649,Оханск,Okhansk,Perm Krai,RU,57.7218,55.3860
RU650,Оса,Osa,Perm Krai,RU,57.2829,55.4602
RU651,Пермь,Perm,Perm Krai,RU,58.0150,56.2467
RU652,Соликамск,Solikamsk,Perm Krai,RU,59.6494,56.7796
RU653,Усолье,Usolye,Perm Krai,RU,59.4180,56.6831
RU654,Верещагино,Vereshchagino,Perm Krai,RU,58.0721,54.6675
RU655,Арсеньев,Arsenyev,Primorsky Krai,RU,44.1644,133.2704
RU656,Артём,Artyom,Primorsky Krai,RU,43.3570,132.1854
RU657,Большой Камень,Bolshoy Kamen,Primorsky Krai,RU,43.1121,132.3509
RU658,Дальнегорск,Dalnegorsk,Primorsky Krai,RU,44.5595,135.5759
RU659,Дальнереченск,Dalnerechensk,Primorsky Krai,RU,45.9337,133.7349
RU660,Фокино,Fokino,Primorsky Krai,RU,42.9772,132.4049
RU661,Лесозаводск,Lesozavodsk,Primorsky Krai,RU,45.4653,133.4047
RU662,Находка,Nakhodka,Primorsky Krai,RU,42.8246,132.8926
RU663,Партизанск,Partizansk,Primorsky Krai,RU,43.1407,133.1433
RU664,Спасск-Дальний,Spassk-Dalny,Primorsky Krai,RU,44.5980,132.8157
RU665,Уссурийск,Ussuriysk,Primorsky Krai,RU,43.7972,131.9521
RU666,Владивосток,Vladivostok,Primorsky Krai,RU,43.1151,131.8856
RU667,Дно,Dno,Pskov Oblast,RU,57.8288,29.9611
RU668,Гдов,Gdov,Pskov Oblast,RU,58.7431,27.8157
RU669,Невель,Nevel,Pskov Oblast,RU,56.0176,29.9171
RU670,Новоржев,Novorzhev,Pskov Oblast,RU,57.0312,29.3329
RU671,Новосокольники,Novosokolniki,Pskov Oblast,RU,56.3474,30.1529
RU672,Опочка,Opochka,Pskov Oblast,RU,56.7117,28.6568
RU673,Остров,Ostrov,Pskov Oblast,RU,57.3446,28.3578
RU674,Печоры,Pechory,Pskov Oblast,RU,57.8133,27.6082
RU675,Порхов,Porkhov,Pskov Oblast,RU,57.7653,29.5519
RU676,Псков,Pskov,Pskov Oblast,RU,57.8174,28.3343
RU677,Пустошка,Pustoshka,Pskov Oblast,RU,56.3351,29.3685
RU678,Пыталово,Pytalovo,Pskov Oblast,RU,57.0629,27.9211
RU679,Себеж,Sebezh,Pskov Oblast,RU,56.2774,28.4849
RU680,Великие Луки,Velikiye Luki,Pskov Oblast,RU,56.3424,30.5279
RU681,Адыгейск,Adygeysk,Republic of Adygea,RU,44.8834,39.1910
RU682,Майкоп,Maykop,Republic of Adygea,RU,44.6062,40.1041
RU683,Агидель,Agidel,Republic of Bashkortostan,RU,55.8993,53.9374
RU684,Баймак,Baymak,Republic of Bashkortostan,RU,52.5979,58.3076
RU685,Белебей,Belebey,Republic of Bashkortostan,RU,54.1065,54.1078
RU686,Белорецк,Beloretsk,Republic of Bashkortostan,RU,53.9681,58.4100
RU687,Бирск,Birsk,Republic of Bashkortostan,RU,55.4207,55.5407
RU688,Благовещенск,Blagoveshchensk,Republic of Bashkortostan,RU,50.2600,127.5337
RU689,Давлеканово,Davlekanovo,Republic of Bashkortostan,RU,54.2130,55.0307
RU690,Дюртюли,Dyurtyuli,Republic of Bashkortostan,RU,55.4906,54.8639
RU691,Ишимбай,Ishimbay,Republic of Bashkortostan,RU,53.4546,56.0439
RU692,Кумертау,Kumertau,Republic of Bashkortostan,RU,52.7610,55.7965
RU693,Мелеуз,Meleuz,Republic of Bashkortostan,RU,52.9633,55.9286
RU694,Межгорье,Mezhgorye,Republic of Bashkortostan,RU,54.2410,57.9737
RU695,Нефтекамск,Neftekamsk,Republic of Bashkortostan,RU,56.0884,54.2478
RU696,Октябрьский,Oktyabrsky,Republic of Bashkortostan,RU,54.4810,53.4660
RU697,Салават,Salavat,Republic of Bashkortostan,RU,53.3617,55.9246
RU698,Сибай,Sibay,Republic of Bashkortostan,RU,52.7204,58.6655
RU699,Стерлитамак,Sterlitamak,Republic of Bashkortostan,RU,53.6324,55.9523
RU700,Туймазы,Tuymazy,Republic of Bashkortostan,RU,54.6065,53.6974
RU701,Учалы,Uchaly,Republic of Bashkortostan,RU,54.3166,59.3846
RU702,Уфа,Ufa,Republic of Bashkortostan,RU,54.7261,55.9475
RU703,Янаул,Yanaul,Republic of Bashkortostan,RU,56.2714,54.9295
RU704,Бабушкин,Babushkin,Republic of Buryatia,RU,51.7162,105.8635
RU705,Гусиноозёрск,Gusinoozyorsk,Republic of Buryatia,RU,51.2895,106.5270
RU706,Кяхта,Kyakhta,Republic of Buryatia,RU,50.3532,106.4492
RU707,Северобайкальск,Severobaykalsk,Republic of Buryatia,RU,55.6360,109.3356
RU708,Улан-Удэ,Ulan-Ude,Republic of Buryatia,RU,51.8358,107.5839
RU709,Закаменск,Zakamensk,Republic of Buryatia,RU,50.3778,103.2915
RU710,Абакан,Abakan,Republic of Khakassia,RU,53.7207,91.4406
RU711,Абаза,Abaza,Republic of Khakassia,RU,52.6511,90.1012
RU712,Черногорск,Chernogorsk,Republic of Khakassia,RU,53.8282,91.3132
RU713,Саяногорск,Sayanogorsk,Republic of Khakassia,RU,53.0899,91.4128
RU714,Сорск,Sorsk,Republic of Khakassia,RU,54.0016,90.2526
RU715,Ардатов,Ardatov,Republic of Mordovia,RU,54.8450,46.2386
RU716,Инсар,Insar,Republic of Mordovia,RU,53.8677,44.3714
RU717,Ковылкино,Kovylkino,Republic of Mordovia,RU,54.0381,43.9156
RU718,Краснослободск,Krasnoslobodsk,Republic of Mordovia,RU,54.4307,43.7779
RU719,Рузаевка,Ruzayevka,Republic of Mordovia,RU,54.0587,44.9544
RU720,Саранск,Saransk,Republic of Mordovia,RU,54.1867,45.1838
RU721,Темников,Temnikov,Republic of Mordovia,RU,54.6315,43.2110
RU722,Алагир,Alagir,Republic of North Ossetia–Alania,RU,43.0398,44.2205
RU723,Ардон,Ardon,Republic of North Ossetia–Alania,RU,43.1758,44.3055
RU724,Беслан,Beslan,Republic of North Ossetia–Alania,RU,43.1876,44.5376
RU725,Дигора,Digora,Republic of North Ossetia–Alania,RU,43.1600,44.1585
RU726,Моздок,Mozdok,Republic of North Ossetia–Alania,RU,43.7356,44.6536
RU727,Владикавказ,Vladikavkaz,Republic of North Ossetia–Alania,RU,43.0246,44.6821
RU728,Агрыз,Agryz,Republic of Tatarstan,RU,56.5255,52.9972
RU729,Альметьевск,Almetyevsk,Republic of Tatarstan,RU,54.9005,52.2964
RU730,Азнакаево,Aznakayevo,Republic of Tatarstan,RU,54.8630,53.0792
RU731,Бавлы,Bavly,Republic of Tatarstan,RU,54.4031,53.2356
RU732,Болгар,Bolgar,Republic of Tatarstan,RU,54.9747,49.0302
RU733,Бугульма,Bugulma,Republic of Tatarstan,RU,54.5384,52.7956
RU734,Буинск,Buinsk,Republic of Tatarstan,RU,54.9724,48.2927
RU735,Чистополь,Chistopol,Republic of Tatarstan,RU,55.3715,50.6367
RU736,Иннополис,Innopolis,Republic of Tatarstan,RU,55.7522,48.7446
RU737,Казань,Kazan,Republic of Tatarstan,RU,55.7824,49.1242
RU738,Лаишево,Laishevo,Republic of Tatarstan,RU,55.4043,49.5468
RU739,Лениногорск,Leninogorsk,Republic of Tatarstan,RU,54.5994,52.4469
RU740,Мамадыш,Mamadysh,Republic of Tatarstan,RU,55.7091,51.4089
RU741,Менделеевск,Mendeleyevsk,Republic of Tatarstan,RU,55.8879,52.3084
RU742,Мензелинск,Menzelinsk,Republic of Tatarstan,RU,55.7256,53.1072
RU743,Набережные Челны,Naberezhnye Chelny,Republic of Tatarstan,RU,55.7420,52.3992
RU744,Нижнекамск,Nizhnekamsk,Republic of Tatarstan,RU,55.6413,51.8160
RU745,Нурлат,Nurlat,Republic of Tatarstan,RU,54.4297,50.8020
RU746,Тетюши,Tetyushi,Republic of Tatarstan,RU,54.9343,48.8320
RU747,Елабуга,Yelabuga,Republic of Tatarstan,RU,55.7577,52.0540
RU748,Заинск,Zainsk,Republic of Tatarstan,RU,55.2867,52.0056
RU749,Зеленодольск,Zelenodolsk,Republic of Tatarstan,RU,55.8587,48.5575
RU750,Арск,Arsk,Republic of Tatarstan,RU,56.0910,49.8772
RU751,Аксай,Aksay,Rostov Oblast,RU,47.2687,39.8614
RU752,Азов,Azov,Rostov Oblast,RU,47.1139,39.4260
RU753,Батайск,Bataysk,Rostov Oblast,RU,47.1385,39.7423
RU754,Белая Калитва,Belaya Kalitva,Rostov Oblast,RU,48.1752,40.7902
RU755,Донецк,Donetsk,Rostov Oblast,RU,48.3383,39.9509
RU756,Гуково,Gukovo,Rostov Oblast,RU,48.0460,39.9487
RU757,Каменск-Шахтинский,Kamensk-Shakhtinsky,Rostov Oblast,RU,48.2755,40.2318
RU758,Константиновск,Konstantinovsk,Rostov Oblast,RU,47.5824,41.0971
RU759,Красный Сулин,Krasny Sulin,Rostov Oblast,RU,47.8932,40.0580
RU760,Миллерово,Millerovo,Rostov Oblast,RU,48.9196,40.3919
RU761,Морозовск,Morozovsk,Rostov Oblast,RU,48.3524,41.8288
RU762,Новочеркасск,Novocherkassk,Rostov Oblast,RU,47.4107,40.1020
RU763,Новошахтинск,Novoshakhtinsk,Rostov Oblast,RU,47.7963,39.8936
RU764,Пролетарск,Proletarsk,Rostov Oblast,RU,46.7002,41.7241
RU765,Ростов-на-Дону,Rostov-on-Don,Rostov Oblast,RU,47.2217,39.7096
RU766,Сальск,Salsk,Rostov Oblast,RU,46.4767,41.5410
RU767,Семикаракорск,Semikarakorsk,Rostov Oblast,RU,47.5164,40.8123
RU768,Шахты,Shakhty,Rostov Oblast,RU,47.7119,40.2116
RU769,Таганрог,Taganrog,Rostov Oblast,RU,47.2392,38.8755
RU770,Цимлянск,Tsimlyansk,Rostov Oblast,RU,47.6506,42.0982
RU771,Волгодонск,Volgodonsk,Rostov Oblast,RU,47.5183,42.1526
RU772,Зерноград,Zernograd,Rostov Oblast,RU,46.8448,40.3048
RU773,Зверево,Zverevo,Rostov Oblast,RU,48.0206,40.1186
RU774,Касимов,Kasimov,Ryazan Oblast,RU,54.9397,41.3952
RU775,Кораблино,Korablino,Ryazan Oblast,RU,53.9269,40.0345
RU776,Михайлов,Mikhaylov,Ryazan Oblast,RU,54.2302,39.0275
RU777,Новомичуринск,Novomichurinsk,Ryazan Oblast,RU,54.0430,39.7440
RU778,Рязань,Ryazan,Ryazan Oblast,RU,54.6703,39.6884
RU779,Ряжск,Ryazhsk,Ryazan Oblast,RU,53.7089,40.0630
RU780,Рыбное,Rybnoye,Ryazan Oblast,RU,54.7268,39.5089
RU781,Сасово,Sasovo,Ryazan Oblast,RU,54.3539,41.9266
RU782,Шацк,Shatsk,Ryazan Oblast,RU,54.0287,41.7126
RU783,Скопин,Skopin,Ryazan Oblast,RU,53.8235,39.5493
RU784,Спас-Клепики,Spas-Klepiki,Ryazan Oblast,RU,55.1309,40.1760
RU785,Спасск-Рязанский,Spassk-Ryazansky,Ryazan Oblast,RU,54.4079,40.3805
RU786,Колпино,Kolpino,Saint Petersburg,RU,56.0266,29.9843
RU787,Красное Село,Krasnoye Selo,Saint Petersburg,RU,60.0434,46.1314
RU788,Кронштадт,Kronstadt,Saint Petersburg,RU,59.9908,29.7747
RU789,Ломоносов,Lomonosov,Saint Petersburg,RU,59.9103,29.7762
RU790,Павловск,Pavlovsk,Saint Petersburg,RU,50.4520,40.1400
RU791,Петергоф,Petergof,Saint Petersburg,RU,59.8818,29.9120
RU792,Пушкин,Pushkin,Saint Petersburg,RU,59.6878,30.3407
RU793,Санкт-Петербург,Saint Petersburg,Saint Petersburg,RU,59.9607,30.1587
RU794,Сестрорецк,Sestroretsk,Saint Petersburg,RU,60.0931,29.9585
RU795,Зеленогорск,Zelenogorsk,Saint Petersburg,RU,56.1136,94.5893
RU796,Алдан,Aldan,Sakha Republic,RU,58.6084,125.3882
RU797,Ленск,Lensk,Sakha Republic,RU,60.7145,114.9172
RU798,Мирный,Mirny,Sakha Republic,RU,62.5411,113.9786
RU799,Нерюнгри,Neryungri,Sakha Republic,RU,56.6579,124.7123
RU800,Нюрба,Nyurba,Sakha Republic,RU,63.2866,118.3541
RU801,Олёкминск,Olyokminsk,Sakha Republic,RU,60.3729,120.4035
RU802,Покровск,Pokrovsk,Sakha Republic,RU,61.4833,129.1541
RU803,Среднеколымск,Srednekolymsk,Sakha Republic,RU,67.4555,153.7071
RU804,Томмот,Tommot,Sakha Republic,RU,58.9685,126.2669
RU805,Удачный,Udachny,Sakha Republic,RU,66.4118,112.2517
RU806,Верхоянск,Verkhoyansk,Sakha Republic,RU,67.5495,133.3875
RU807,Вилюйск,Vilyuysk,Sakha Republic,RU,63.7541,121.6265
RU808,Якутск,Yakutsk,Sakha Republic,RU,62.0274,129.7320
RU809,Александровск-Сахалинский,Alexandrovsk-Sakhalinsky,Sakhalin Oblast,RU,50.8975,142.1592
RU810,Анива,Aniva,Sakhalin Oblast,RU,46.7148,142.5275
RU811,Долинск,Dolinsk,Sakhalin Oblast,RU,47.3241,142.7979
RU812,Холмск,Kholmsk,Sakhalin Oblast,RU,47.0546,142.0487
RU813,Корсаков,Korsakov,Sakhalin Oblast,RU,46.6328,142.7810
RU814,Курильск,Kurilsk,Sakhalin Oblast,RU,45.2290,147.8752
RU815,Макаров,Makarov,Sakhalin Oblast,RU,48.6243,142.7814
RU816,Невельск,Nevelsk,Sakhalin Oblast,RU,46.6878,141.8601
RU817,Оха,Okha,Sakhalin Oblast,RU,53.5892,142.9497
RU818,Поронайск,Poronaysk,Sakhalin Oblast,RU,49.2216,143.1016
RU819,Северо-Курильск,Severo-Kurilsk,Sakhalin Oblast,RU,50.6683,156.1154
RU820,Шахтерск,Shakhtyorsk,Sakhalin Oblast,RU,49.1592,142.1070
RU821,Томари,Tomari,Sakhalin Oblast,RU,47.7612,142.0635
RU822,Углегорск,Uglegorsk,Sakhalin Oblast,RU,49.0793,142.0634
RU823,Южно-Сахалинск,Yuzhno-Sakhalinsk,Sakhalin Oblast,RU,46.9574,142.7274
RU824,Чапаевск,Chapayevsk,Samara Oblast,RU,52.9813,49.7112
RU825,Кинель,Kinel,Samara Oblast,RU,53.2197,50.6332
RU826,Нефтегорск,"Neftegorsk, Samara Oblast",Samara Oblast,RU,44.3556,39.7035
RU827,Новокуйбышевск,Novokuybyshevsk,Samara Oblast,RU,53.0992,49.9484
RU828,Октябрьск,Oktyabrsk,Samara Oblast,RU,53.1642,48.6712
RU829,Отрадный,Otradny,Samara Oblast,RU,53.3762,51.3481
RU830,Озерное,Ozernoe,Samara Oblast,RU,55.1243,36.0478
RU831,Похвистнево,Pokhvistnevo,Samara Oblast,RU,53.6468,52.1233
RU832,Самара,Samara,Samara Oblast,RU,53.2195,50.2039
RU833,Сызрань,Syzran,Samara Oblast,RU,53.1554,48.4741
RU834,Тольятти,Tolyatti,Samara Oblast,RU,53.5150,49.4073
RU835,Жигулёвск,Zhigulyovsk,Samara Oblast,RU,53.4005,49.4956
RU836,Аркадак,Arkadak,Saratov Oblast,RU,51.9429,43.4891
RU837,Аткарск,Atkarsk,Saratov Oblast,RU,51.8750,44.9975
RU838,Балаково,Balakovo,Saratov Oblast,RU,52.0181,47.8191
RU839,Балашов,Balashov,Saratov Oblast,RU,51.5547,43.1431
RU840,Энгельс,Engels,Saratov Oblast,RU,51.5014,46.1233
RU841,Калининск,Kalininsk,Saratov Oblast,RU,51.4999,44.4846
RU842,Хвалынск,Khvalynsk,Saratov Oblast,RU,52.4955,48.1059
RU843,Красноармейск,Krasnoarmeysk,Saratov Oblast,RU,56.1211,38.1458
RU844,Красный Кут,Krasny Kut,Saratov Oblast,RU,50.9459,46.9725
RU845,Маркс,Marks,Saratov Oblast,RU,51.7070,46.7484
RU846,Новоузенск,Novouzensk,Saratov Oblast,RU,50.4623,48.1355
RU847,Петровск,Petrovsk,Saratov Oblast,RU,52.3094,45.3890
RU848,Пугачев,Pugachyov,Saratov Oblast,RU,52.0121,48.8110
RU849,Ртищево,Rtishchevo,Saratov Oblast,RU,52.2599,43.7877
RU850,Саратов,Saratov,Saratov Oblast,RU,51.5300,46.0347
RU851,Шиханы,Shikhany,Saratov Oblast,RU,52.1148,47.1985
RU852,Вольск,Volsk,Saratov Oblast,RU,52.0428,47.3860
RU853,Ершов,Yershov,Saratov Oblast,RU,51.3498,48.2657
RU854,Демидов,Demidov,Smolensk Oblast,RU,55.2644,31.5178
RU855,Десногорск,Desnogorsk,Smolensk Oblast,RU,54.1517,33.2881
RU856,Дорогобуж,Dorogobuzh,Smolensk Oblast,RU,54.9148,33.2989
RU857,Духовщина,Dukhovshchina,Smolensk Oblast,RU,55.1908,32.4060
RU858,Гагарин,Gagarin,Smolensk Oblast,RU,55.5534,34.9905
RU859,Починок,Pochinok,Smolensk Oblast,RU,54.4048,32.4408
RU860,Рославль,Roslavl,Smolensk Oblast,RU,53.9448,32.8479
RU861,Рудня,Rudnya,Smolensk Oblast,RU,54.9471,31.0906
RU862,Сафоново,Safonovo,Smolensk Oblast,RU,55.1084,33.2377
RU863,Смоленск,Smolensk,Smolensk Oblast,RU,54.7814,32.0461
RU864,Сычёвка,Sychyovka,Smolensk Oblast,RU,55.8270,34.2770
RU865,Велиж,Velizh,Smolensk Oblast,RU,55.6045,31.1950
RU866,Вязьма,Vyazma,Smolensk Oblast,RU,55.2104,34.2995
RU867,Ярцево,Yartsevo,Smolensk Oblast,RU,55.0662,32.6884
RU868,Ельня,Yelnya,Smolensk Oblast,RU,54.5765,33.1892
RU869,Благодарный,Blagodarny,Stavropol Krai,RU,45.1006,43.4372
RU870,Будённовск,Budyonnovsk,Stavropol Krai,RU,44.7805,44.1634
RU871,Георгиевск,Georgiyevsk,Stavropol Krai,RU,44.1479,43.4742
RU872,Ипатово,Ipatovo,Stavropol Krai,RU,45.7197,42.9163
RU873,Изобильный,Izobilny,Stavropol Krai,RU,45.3741,41.7121
RU874,Кисловодск,Kislovodsk,Stavropol Krai,RU,43.9055,42.7157
RU875,Лермонтов,Lermontov,Stavropol Krai,RU,44.1050,42.9731
RU876,Михайловск,Mikhaylovsk,Stavropol Krai,RU,45.1325,42.0263
RU877,Минеральные Воды,Mineralnye Vody,Stavropol Krai,RU,44.2107,43.1350
RU878,Нефтекумск,Neftekumsk,Stavropol Krai,RU,44.7522,44.9851
RU879,Невинномысск,Nevinnomyssk,Stavropol Krai,RU,44.6246,41.9476
RU880,Новоалександровск,Novoalexandrovsk,Stavropol Krai,RU,45.4953,41.2199
RU881,Новопавловск,Novopavlovsk,Stavropol Krai,RU,43.9619,43.6311
RU882,Пятигорск,Pyatigorsk,Stavropol Krai,RU,44.0398,43.0707
RU883,Ставрополь,Stavropol,Stavropol Krai,RU,45.0433,41.9691
RU884,Светлоград,Svetlograd,Stavropol Krai,RU,45.3406,42.8459
RU885,Ессентуки,Yessentuki,Stavropol Krai,RU,44.0470,42.8577
RU886,Зеленокумск,Zelenokumsk,Stavropol Krai,RU,44.4032,43.8842
RU887,Железноводск,Zheleznovodsk,Stavropol Krai,RU,44.1424,43.0091
RU888,Алапаевск,Alapayevsk,Sverdlovsk Oblast,RU,57.8508,61.6950
RU889,Арамиль,Aramil,Sverdlovsk Oblast,RU,56.6963,60.8331
RU890,Артёмовский,Artyomovsky,Sverdlovsk Oblast,RU,57.3432,61.8775
RU891,Асбест,Asbest,Sverdlovsk Oblast,RU,57.0053,61.4581
RU892,Березовский,Berezovsky,Sverdlovsk Oblast,RU,55.6697,86.2752
RU893,Богданович,Bogdanovich,Sverdlovsk Oblast,RU,56.7683,62.0521
RU894,Дегтярск,Degtyarsk,Sverdlovsk Oblast,RU,56.6983,60.0868
RU895,Ирбит,Irbit,Sverdlovsk Oblast,RU,57.6740,63.0638
RU896,Ивдель,Ivdel,Sverdlovsk Oblast,RU,60.6973,60.4173
RU897,Качканар,Kachkanar,Sverdlovsk Oblast,RU,58.6982,59.4810
RU898,Каменск-Уральский,Kamensk-Uralsky,Sverdlovsk Oblast,RU,56.4155,61.9178
RU899,Камышлов,Kamyshlov,Sverdlovsk Oblast,RU,56.8462,62.7122
RU900,Карпинск,Karpinsk,Sverdlovsk Oblast,RU,59.7668,60.0009
RU901,Кировград,Kirovgrad,Sverdlovsk Oblast,RU,57.4265,60.0665
RU902,Краснотурьинск,Krasnoturyinsk,Sverdlovsk Oblast,RU,59.7646,60.1936
RU903,Красноуфимск,Krasnoufimsk,Sverdlovsk Oblast,RU,56.6181,57.7713
RU904,Красноуральск,Krasnouralsk,Sverdlovsk Oblast,RU,58.3571,60.0374
RU905,Кушва,Kushva,Sverdlovsk Oblast,RU,58.2817,59.7625
RU906,Лесной,Lesnoy,Sverdlovsk Oblast,RU,58.6364,59.7897
RU907,Михайловск,Mikhaylovsk,Sverdlovsk Oblast,RU,45.1325,42.0263
RU908,Невьянск,Nevyansk,Sverdlovsk Oblast,RU,57.4924,60.2105
RU909,Нижние Серги,Nizhniye Sergi,Sverdlovsk Oblast,RU,56.6619,59.3000
RU910,Нижний Тагил,Nizhny Tagil,Sverdlovsk Oblast,RU,57.9051,59.9508
RU911,Нижняя Салда,Nizhnyaya Salda,Sverdlovsk Oblast,RU,58.0714,60.7147
RU912,Нижняя Тура,Nizhnyaya Tura,Sverdlovsk Oblast,RU,58.6208,59.8473
RU913,Новая Ляля,Novaya Lyalya,Sverdlovsk Oblast,RU,59.0527,60.5960
RU914,Новоуральск,Novouralsk,Sverdlovsk Oblast,RU,57.2470,60.0958
RU915,Первоуральск,Pervouralsk,Sverdlovsk Oblast,RU,56.9051,59.9432
RU916,Полевской,Polevskoy,Sverdlovsk Oblast,RU,56.4421,60.1659
RU917,Ревда,Revda,Sverdlovsk Oblast,RU,56.8001,59.9087
RU918,Реж,Rezh,Sverdlovsk Oblast,RU,57.3706,61.4043
RU919,Серов,Serov,Sverdlovsk Oblast,RU,59.6051,60.5733
RU920,Североуральск,Severouralsk,Sverdlovsk Oblast,RU,60.1502,59.9605
RU921,Среднеуральск,Sredneuralsk,Sverdlovsk Oblast,RU,56.9916,60.4689
RU922,Сухой Лог,Sukhoy Log,Sverdlovsk Oblast,RU,56.9047,62.0350
RU923,Сысерть,Sysert,Sverdlovsk Oblast,RU,56.5030,60.8093
RU924,Талица,Talitsa,Sverdlovsk Oblast,RU,57.0148,63.7302
RU925,Тавда,Tavda,Sverdlovsk Oblast,RU,58.0414,65.2720
RU926,Туринск,Turinsk,Sverdlovsk Oblast,RU,58.0525,63.6909
RU927,Верхний Тагил,Verkhny Tagil,Sverdlovsk Oblast,RU,57.3745,59.9321
RU928,Верхняя Пышма,Verkhnyaya Pyshma,Sverdlovsk Oblast,RU,56.9725,60.5739
RU929,Верхняя Салда,Verkhnyaya Salda,Sverdlovsk Oblast,RU,58.0436,60.5548
RU930,Верхняя Тура,Verkhnyaya Tura,Sverdlovsk Oblast,RU,58.3605,59.8182
RU931,Верхотурье,Verkhoturye,Sverdlovsk Oblast,RU,58.8617,60.8093
RU932,Волчанск,Volchansk,Sverdlovsk Oblast,RU,59.9347,60.0780
RU933,Екатеринбург,Yekaterinburg,Sverdlovsk Oblast,RU,56.8391,60.6083
RU934,Заречный,Zarechny,Sverdlovsk Oblast,RU,56.8150,61.3206
RU935,Кирсанов,Kirsanov,Tambov Oblast,RU,52.6548,42.7250
RU936,Котовск,Kotovsk,Tambov Oblast,RU,52.5870,41.4994
RU937,Мичуринск,Michurinsk,Tambov Oblast,RU,52.8947,40.5072
RU938,Моршанск,Morshansk,Tambov Oblast,RU,53.4428,41.8130
RU939,Рассказово,Rasskazovo,Tambov Oblast,RU,52.6587,41.8790
RU940,Тамбов,Tambov,Tambov Oblast,RU,52.7216,41.4524
RU941,Уварово,Uvarovo,Tambov Oblast,RU,51.9839,42.2664
RU942,Жердевка,Zherdevka,Tambov Oblast,RU,51.8439,41.4704
RU943,Асино,Asino,Tomsk Oblast,RU,56.9992,86.1417
RU944,Кедровый,Kedrovy,Tomsk Oblast,RU,57.5619,79.5708
RU945,Колпашево,Kolpashevo,Tomsk Oblast,RU,58.3137,82.9036
RU946,Северск,Seversk,Tomsk Oblast,RU,56.6032,84.8810
RU947,Стрежевой,Strezhevoy,Tomsk Oblast,RU,60.7328,77.6008
RU948,Томск,Tomsk,Tomsk Oblast,RU,56.4888,84.9523
RU949,Алексин,Aleksin,Tula Oblast,RU,54.5028,37.0667
RU950,Белёв,Belyov,Tula Oblast,RU,53.8118,36.1370
RU951,Богородицк,Bogoroditsk,Tula Oblast,RU,53.7736,38.1270
RU952,Болохово,Bolokhovo,Tula Oblast,RU,54.0851,37.8291
RU953,Чекалин,Chekalin,Tula Oblast,RU,54.0971,36.2448
RU954,Донской,Donskoy,Tula Oblast,RU,53.9729,38.3264
RU955,Кимовск,Kimovsk,Tula Oblast,RU,53.9699,38.5327
RU956,Киреевск,Kireyevsk,Tula Oblast,RU,53.9267,37.9299
RU957,Липки,Lipki,Tula Oblast,RU,53.9402,37.7019
RU958,Новомосковск,Novomoskovsk,Tula Oblast,RU,54.0110,38.2909
RU959,Плавск,Plavsk,Tula Oblast,RU,53.7069,37.2920
RU960,Щёкино,Shchyokino,Tula Oblast,RU,54.0045,37.5179
RU961,Сокольники,Sokolniki,Tula Oblast,RU,55.7888,37.6803
RU962,Советск,Sovetsk,Tula Oblast,RU,55.0810,21.8883
RU963,Суворов,Suvorov,Tula Oblast,RU,54.1224,36.5000
RU964,Тула,Tula,Tula Oblast,RU,54.1930,37.6175
RU965,Узловая,Uzlovaya,Tula Oblast,RU,53.9785,38.1603
RU966,Венёв,Venyov,Tula Oblast,RU,54.3504,38.2656
RU967,Ясногорск,Yasnogorsk,Tula Oblast,RU,54.4793,37.6933
RU968,Ефремов,Yefremov,Tula Oblast,RU,53.1418,38.1162
RU969,Ак-Довурак,Ak-Dovurak,Tuva Republic,RU,51.1731,90.5934
RU970,Чадан,Chadan,Tuva Republic,RU,51.2840,91.5667
RU971,Кызыл,Kyzyl,Tuva Republic,RU,51.7191,94.4301
RU972,Шагонар,Shagonar,Tuva Republic,RU,51.5387,92.9194
RU973,Туран,Turan,Tuva Republic,RU,52.1458,93.9186
RU974,Андреаполь,Andreapol,Tver Oblast,RU,56.6468,32.2653
RU975,Белый,Bely,Tver Oblast,RU,55.8331,32.9395
RU976,Бежецк,Bezhetsk,Tver Oblast,RU,57.7814,36.6925
RU977,Бологое,Bologoye,Tver Oblast,RU,57.8852,34.0496
RU978,Калязин,Kalyazin,Tver Oblast,RU,57.2400,37.8405
RU979,Кашин,Kashin,Tver Oblast,RU,57.3618,37.6115
RU980,Кимры,Kimry,Tver Oblast,RU,56.8734,37.3557
RU981,Конаково,Konakovo,Tver Oblast,RU,56.7132,36.7776
RU982,Красный Холм,Krasny Kholm,Tver Oblast,RU,58.0565,37.1147
RU983,Кувшиново,Kuvshinovo,Tver Oblast,RU,57.0315,34.1797
RU984,Лихославль,Likhoslavl,Tver Oblast,RU,57.1244,35.4665
RU985,Нелидово,Nelidovo,Tver Oblast,RU,56.2261,32.7711
RU986,Осташков,Ostashkov,Tver Oblast,RU,57.1558,33.1013
RU987,Ржев,Rzhev,Tver Oblast,RU,56.2565,34.3286
RU988,Старица,Staritsa,Tver Oblast,RU,56.5081,34.9315
RU989,Торопец,Toropets,Tver Oblast,RU,56.4965,31.6411
RU990,Торжок,Torzhok,Tver Oblast,RU,57.0408,34.9734
RU991,Тверь,Tver,Tver Oblast,RU,56.8587,35.9208
RU992,Удомля,Udomlya,Tver Oblast,RU,57.8780,35.0042
RU993,Весьегонск,Vesyegonsk,Tver Oblast,RU,58.6637,37.2626
RU994,Вышний Волочёк,Vyshny Volochyok,Tver Oblast,RU,57.5884,34.5721
RU995,Западная Двина,Zapadnaya Dvina,Tver Oblast,RU,56.2588,32.0707
RU996,Зубцов,Zubtsov,Tver Oblast,RU,56.1701,34.5852
RU997,Ишим,Ishim,Tyumen Oblast,RU,56.1092,69.4572
RU998,Тобольск,Tobolsk,Tyumen Oblast,RU,58.1998,68.2513
RU999,Тюмень,Tyumen,Tyumen Oblast,RU,57.1535,65.5423
RU1000,Ялуторовск,Yalutorovsk,Tyumen Oblast,RU,56.6549,66.3128
RU1001,Заводоуковск,Zavodoukovsk,Tyumen Oblast,RU,56.5093,66.5393
RU1002,Глазов,Glazov,Udmurtia,RU,58.1401,52.6464
RU1003,Ижевск,Izhevsk,Udmurtia,RU,56.8605,53.1977
RU1004,Камбарка,Kambarka,Udmurtia,RU,56.2653,54.1946
RU1005,Можга,Mozhga,Udmurtia,RU,56.4427,52.2139
RU1006,Сарапул,Sarapul,Udmurtia,RU,56.4774,53.8195
RU1007,Воткинск,Votkinsk,Udmurtia,RU,57.0525,53.9906
RU1008,Барыш,Barysh,Ulyanovsk Oblast,RU,53.6541,47.1014
RU1009,Димитровград,Dimitrovgrad,Ulyanovsk Oblast,RU,54.2189,49.6039
RU1010,Инза,Inza,Ulyanovsk Oblast,RU,53.8579,46.3573
RU1011,Новоульяновск,Novoulyanovsk,Ulyanovsk Oblast,RU,54.1502,48.3857
RU1012,Сенгилей,Sengiley,Ulyanovsk Oblast,RU,53.9589,48.7872
RU1013,Ульяновск,Ulyanovsk,Ulyanovsk Oblast,RU,54.3150,48.4034
RU1014,Александров,Alexandrov,Vladimir Oblast,RU,56.3962,38.7111
RU1015,Гороховец,Gorokhovets,Vladimir Oblast,RU,56.2066,42.6790
RU1016,Гусь-Хрустальный,Gus-Khrustalny,Vladimir Oblast,RU,55.6150,40.6709
RU1017,Камешково,Kameshkovo,Vladimir Oblast,RU,56.3463,40.9971
RU1018,Карабаново,Karabanovo,Vladimir Oblast,RU,56.3084,38.6981
RU1019,Киржач,Kirzhach,Vladimir Oblast,RU,56.1592,38.8721
RU1020,Кольчугино,Kolchugino,Vladimir Oblast,RU,56.2940,39.3760
RU1021,Костерёво,Kosteryovo,Vladimir Oblast,RU,55.9288,39.6202
RU1022,Ковров,Kovrov,Vladimir Oblast,RU,56.3746,41.3117
RU1023,Курлово,Kurlovo,Vladimir Oblast,RU,55.4551,40.6106
RU1024,Лакинск,Lakinsk,Vladimir Oblast,RU,56.0151,39.9466
RU1025,Меленки,Melenki,Vladimir Oblast,RU,55.3368,41.6314
RU1026,Муром,Murom,Vladimir Oblast,RU,55.5738,42.0447
RU1027,Петушки,Petushki,Vladimir Oblast,RU,55.9298,39.4508
RU1028,Покров,Pokrov,Vladimir Oblast,RU,55.9196,39.1773
RU1029,Радужный,Raduzhny,Vladimir Oblast,RU,62.1353,77.4626
RU1030,Собинка,Sobinka,Vladimir Oblast,RU,55.9904,40.0151
RU1031,Струнино,Strunino,Vladimir Oblast,RU,56.3740,38.5860
RU1032,Судогда,Sudogda,Vladimir Oblast,RU,55.9516,40.8587
RU1033,Суздаль,Suzdal,Vladimir Oblast,RU,56.4194,40.4488
RU1034,Владимир,Vladimir,Vladimir Oblast,RU,56.1289,40.4075
RU1035,Вязники,Vyazniki,Vladimir Oblast,RU,56.2469,42.1586
RU1036,Юрьев-Польский,Yuryev-Polsky,Vladimir Oblast,RU,56.4972,39.6786
RU1037,Дубовка,Dubovka,Volgograd Oblast,RU,49.0605,44.8308
RU1038,Фролово,Frolovo,Volgograd Oblast,RU,49.7646,43.6540
RU1039,Калач-на-Дону,Kalach-na-Donu,Volgograd Oblast,RU,48.6819,43.5380
RU1040,Камышин,Kamyshin,Volgograd Oblast,RU,50.0808,45.4048
RU1041,Котельниково,Kotelnikovo,Volgograd Oblast,RU,47.6332,43.1411
RU1042,Котово,Kotovo,Volgograd Oblast,RU,50.3222,44.8016
RU1043,Краснослободск,Krasnoslobodsk,Volgograd Oblast,RU,54.4307,43.7779
RU1044,Ленинск,Leninsk,Volgograd Oblast,RU,48.6941,45.1992
RU1045,Михайловка,Mikhaylovka,Volgograd Oblast,RU,50.0797,43.2342
RU1046,Николаевск,Nikolayevsk,Volgograd Oblast,RU,50.0315,45.4545
RU1047,Новоаннинский,Novoanninsky,Volgograd Oblast,RU,50.5297,42.6674
RU1048,Палласовка,Pallasovka,Volgograd Oblast,RU,50.0459,46.8896
RU1049,Петров Вал,Petrov Val,Volgograd Oblast,RU,50.1396,45.2141
RU1050,Серафимович,Serafimovich,Volgograd Oblast,RU,49.5806,42.7302
RU1051,Суровикино,Surovikino,Volgograd Oblast,RU,48.6051,42.8441
RU1052,Урюпинск,Uryupinsk,Volgograd Oblast,RU,50.7971,42.0052
RU1053,Волгоград,Volgograd,Volgograd Oblast,RU,48.7082,44.5153
RU1054,Волжский,Volzhsky,Volgograd Oblast,RU,48.8300,44.7655
RU1055,Жирновск,Zhirnovsk,Volgograd Oblast,RU,50.9788,44.7789
RU1056,Бабаево,Babayevo,Vologda Oblast,RU,59.3887,35.9500
RU1057,Белозерск,Belozersk,Vologda Oblast,RU,60.0320,37.7842
RU1058,Череповец,Cherepovets,Vologda Oblast,RU,59.1287,37.9164
RU1059,Грязовец,Gryazovets,Vologda Oblast,RU,58.8842,40.2515
RU1060,Кадников,Kadnikov,Vologda Oblast,RU,59.5015,40.3406
RU1061,Харовск,Kharovsk,Vologda Oblast,RU,59.9533,40.2068
RU1062,Кириллов,Kirillov,Vologda Oblast,RU,59.8591,38.3759
RU1063,Красавино,Krasavino,Vologda Oblast,RU,60.9617,46.4778
RU1064,Никольск,Nikolsk,Vologda Oblast,RU,53.7146,46.0852
RU1065,Сокол,Sokol,Vologda Oblast,RU,59.4628,40.1129
RU1066,Тотьма,Totma,Vologda Oblast,RU,59.9736,42.7587
RU1067,Устюжна,Ustyuzhna,Vologda Oblast,RU,58.8428,36.4297
RU1068,Великий Устюг,Veliky Ustyug,Vologda Oblast,RU,60.7613,46.3015
RU1069,Вологда,Vologda,Vologda Oblast,RU,59.2189,39.8934
RU1070,Вытегра,Vytegra,Vologda Oblast,RU,61.0065,36.4515
RU1071,Бобров,Bobrov,Voronezh Oblast,RU,51.0968,40.0308
RU1072,Богучар,Boguchar,Voronezh Oblast,RU,49.9324,40.5545
RU1073,Борисоглебск,Borisoglebsk,Voronezh Oblast,RU,51.3680,42.0752
RU1074,Бутурлиновка,Buturlinovka,Voronezh Oblast,RU,50.7961,40.6019
RU1075,Эртиль,Ertil,Voronezh Oblast,RU,51.8367,40.7983
RU1076,Калач,Kalach,Voronezh Oblast,RU,50.4260,41.0162
RU1077,Лиски,Liski,Voronezh Oblast,RU,50.9874,39.4972
RU1078,Новохопёрск,Novokhopyorsk,Voronezh Oblast,RU,51.0951,41.6170
RU1079,Нововоронеж,Novovoronezh,Voronezh Oblast,RU,51.3091,39.2160
RU1080,Острогожск,Ostrogozhsk,Voronezh Oblast,RU,50.8649,39.0772
RU1081,Павловск,Pavlovsk,Voronezh Oblast,RU,50.4520,40.1400
RU1082,Поворино,Povorino,Voronezh Oblast,RU,51.1993,42.2409
RU1083,Россошь,Rossosh,Voronezh Oblast,RU,50.1962,39.5765
RU1084,Семилуки,Semiluki,Voronezh Oblast,RU,51.6904,39.0222
RU1085,Воронеж,Voronezh,Voronezh Oblast,RU,51.6606,39.2006
RU1086,Губкинский,Gubkinsky,Yamalo-Nenets Autonomous Okrug,RU,64.4338,76.4898
RU1087,Лабытнанги,Labytnangi,Yamalo-Nenets Autonomous Okrug,RU,66.6615,66.3811
RU1088,Муравленко,Muravlenko,Yamalo-Nenets Autonomous Okrug,RU,63.7948,74.4969
RU1089,Надым,Nadym,Yamalo-Nenets Autonomous Okrug,RU,65.5370,72.5200
RU1090,Новый Уренгой,Novy Urengoy,Yamalo-Nenets Autonomous Okrug,RU,66.0852,76.6799
RU1091,Ноябрьск,Noyabrsk,Yamalo-Nenets Autonomous Okrug,RU,63.2003,75.4476
RU1092,Салехард,Salekhard,Yamalo-Nenets Autonomous Okrug,RU,66.5375,66.6157
RU1093,Тарко-Сале,Tarko-Sale,Yamalo-Nenets Autonomous Okrug,RU,64.9220,77.7795
RU1094,Данилов,Danilov,Yaroslavl Oblast,RU,58.1888,40.1751
RU1095,Гаврилов-Ям,Gavrilov-Yam,Yaroslavl Oblast,RU,57.3033,39.8538
RU1096,Любим,Lyubim,Yaroslavl Oblast,RU,58.3596,40.6866
RU1097,Мышкин,Myshkin,Yaroslavl Oblast,RU,57.7847,38.4516
RU1098,Переславль-Залесский,Pereslavl-Zalessky,Yaroslavl Oblast,RU,56.7367,38.8463
RU1099,Пошехонье,Poshekhonye,Yaroslavl Oblast,RU,58.5032,39.1197
RU1100,Ростов,Rostov,Yaroslavl Oblast,RU,47.2217,39.7096
RU1101,Рыбинск,Rybinsk,Yaroslavl Oblast,RU,58.0504,38.8346
RU1102,Тутаев,Tutayev,Yaroslavl Oblast,RU,57.8754,39.5272
RU1103,Углич,Uglich,Yaroslavl Oblast,RU,57.5268,38.3167
RU1104,Ярославль,Yaroslavl,Yaroslavl Oblast,RU,57.6264,39.8934
RU1105,Балей,Baley,Zabaykalsky Krai,RU,51.5788,116.6460
RU1106,Борзя,Borzya,Zabaykalsky Krai,RU,50.3852,116.5331
RU1107,Чита,Chita,Zabaykalsky Krai,RU,52.0334,113.5009
RU1108,Хилок,Khilok,Zabaykalsky Krai,RU,51.3628,110.4580
RU1109,Краснокаменск,Krasnokamensk,Zabaykalsky Krai,RU,50.0970,118.0413
RU1110,Могоча,Mogocha,Zabaykalsky Krai,RU,53.7363,119.7625
RU1111,Нерчинск,Nerchinsk,Zabaykalsky Krai,RU,51.9769,116.5883
RU1112,Петровск-Забайкальский,Petrovsk-Zabaykalsky,Zabaykalsky Krai,RU,51.2752,108.8545
RU1113,Шилка,Shilka,Zabaykalsky Krai,RU,51.8516,116.0259
RU1114,Сретенск,Sretensk,Zabaykalsky Krai,RU,52.2432,117.6955